"timestamp","asset","open","close","high","low","3_month_return","1_year_return","bse_return","market_cap","enterprise_value","trading_volume","30d_avg_trading_volume","btc_price","btc_holdings","btc_nav","m_nav","debt","debt_by_btc_nav","pref","pref_by_btc_nav","debt_pref_by_btc_nav","implied_volatility","30d_historical_volatility","1y_historical_volatility","open_interest"
2026-04-08 00:00:00,"MSTR",133.665,128.3,134.5,126.13,-0.23159849074684066,-0.4608110947678083,9.378579517877368,44496877700.00001,60785492600.00001,2200241931.397941,2553054913.668671,70999.17,766970,54454233414.9,1.1162675294106266,8253923000,0.10931111553158444,10336161900,0.18981374361192963,0.3413891580909355,0.74583609,0.5608784966098307,0.7127460367711351,31321546264.8
2026-04-07 00:00:00,"MSTR",125.32,123.72,126.74,121.14,-0.2354940369523575,-0.5385992392034011,9.00808930593755,42908446680,59197061580,1767238203.536541,2583473173.894236,71286,766970,54674223420,1.0827234092609999,8253923000,0.10887128572954864,10336161900,0.18904999931318642,0.34001552719264944,0.78984697,0.5404986659431341,0.7212711780019648,29571676567.1
2026-04-06 00:00:00,"MSTR",124.57,127.69,128.46,123.2,-0.19168196493005002,-0.5651033684138824,9.329234751658309,44285318110,60573933010,2354074508.5027146,2623557908.4723654,68777.67,766970,52750409559.9,1.1483120892401053,8253923000,0.11284183477743,10336161900,0.19594467580887526,0.3524159348732693,0.74857542,0.5545412026091324,0.7221507503941437,29802027572.8
2026-04-02 00:00:00,"MSTR",119.8,119.83,122.645,116.4,-0.23752863324001017,-0.616593076086261,8.693415304966834,41412529020,57371053720,2110175419.0295057,2653179601.157165,66574.1,762099,50736055035.9,1.1307748243217803,8253923000,0.11732195173211914,10006071700,0.19721816552193244,0.35990174417540993,0.71544566,0.5172546716816426,0.7294606016163353,29853258153.6
2026-04-01 00:00:00,"MSTR",126.18,122.78,126.3,121.44,-0.1919710431062849,-0.5987843931769166,8.932049830124576,42432031320,58390556020,1888147394.8960128,2813370208.6501427,66569.3,762099,50732396960.700005,1.1509520448094028,8253923000,0.1173304112677957,10006071700,0.19723238599885654,0.35992769500217303,0.78070044,0.5323110835867806,0.7295929605228691,30006094637
2026-03-31 00:00:00,"MSTR",123.16,124.8,125.3,117.75,-0.17867719644619937,-0.5670725361640129,9.095453810063097,43130131200,59088655900,2657023944.7085567,2846066850.843131,68107.5,762099,51904657642.5,1.1384075839008652,8253923000,0.11468051751729652,10006071700,0.19277791540246936,0.351798769693619,0.78235361,0.6535079083047263,0.7322371198892798,29001550784.1
2026-03-30 00:00:00,"MSTR",129.55,121.44,130.34,120.8,-0.21958743011374598,-0.580387685290764,8.823653130561398,41968935360,57930482560,1918800165.4854383,2886400610.249976,67647.83,762099,51554343595.17,1.123678016636165,8253923000,0.11545977671137822,10009094200,0.19414647732878376,0.3542478853655896,0.80216985,0.653609183868097,0.7330561726842881,27877757923.2
2026-03-27 00:00:00,"MSTR",129.88,126.03,130.65,123.98,-0.20641017568163214,-0.6117255614775563,9.19495227309497,43555211820,59516759020,2706505356.936813,2881539595.319099,66229,762099,50473054671,1.179178859055586,8253923000,0.11793328219978065,10009094200,0.19830569529113254,0.36183697061817166,0.73337919,0.6843079370733619,0.7392798737251952,30910826205
2026-03-26 00:00:00,"MSTR",136.55,132.93,139.08,132.691,-0.16296203009886023,-0.5963377972123531,9.753114382785958,45939810420,61901357620,2031896292.6039479,2867698794.7514076,68721.7,762099,52372738848.299995,1.1819385233852306,8253923000,0.11365556071530933,10009094200,0.19111267464914894,0.3487122805034057,0.75455979,0.6653961110495323,0.7376789051404099,32003871450.7
2026-03-25 00:00:00,"MSTR",140.4,139.13,143.85,136.8,-0.12336966794782944,-0.5929610017261051,10.254651350914092,48082493220,64044040420,2602847107.876465,2926952616.0321984,70892,762099,54026722308,1.1854141373761755,8253923000,0.11017608964071084,10009094200,0.18526191803639927,0.3380367421862959,0.75341021,0.6469027307631599,0.7372482261115804,32086856692.8
2026-03-24 00:00:00,"MSTR",138.73,136.25,140.05,134.28,-0.14151597252851117,-0.5941558441558442,10.021679339912636,47087182500,63048729700,2602171646.7920237,2894107448.642779,70683.1,762099,53867519826.9,1.1704405530940214,8253923000,0.11050170899138935,10009094200,0.18580944940779928,0.33903579111655957,0.75515379,0.7095023099765866,0.7371556363822102,31325793282.5
2026-03-23 00:00:00,"MSTR",138.605,138.2,139.93,133.97,-0.12465163415252095,-0.5453947368421053,10.179420805694871,47761090799.99999,63722637999.99999,2989781882.9859953,2881291630.261314,70543.7,762099,53761283226.299995,1.1852886347926106,8253923000,0.11072006921680141,10009094200,0.1861766237585556,0.33970575298816047,0.74507908,0.7060913632196549,0.7385568393708878,30721458464.2
2026-03-20 00:00:00,"MSTR",139.47,135.66,139.685,134.13,-0.1769202766654532,-0.5508987982917867,9.973952434881086,46814095440,62766265140,3875487996.101792,2848914219.9370356,70654.1,761068,53772574578.8,1.1672542300912216,8253923000,0.11069681983102911,9999716700,0.18596313786958638,0.3394600285178934,0.71426299,0.738517045117563,0.7439829312395628,37789207668
2026-03-19 00:00:00,"MSTR",135.02,138.24,139.78,132.76,-0.16126683654896243,-0.5456069421161621,10.182656528069893,47704412160,63656581860,2658043473.790879,2759647608.1833243,70729.69,761068,53830103708.92,1.1825461493482445,8253923000,0.11057851629242987,9999716700,0.18576439596089767,0.33909724192069973,0.75612968,0.7352767044003857,0.7438271141956018,37728382652.8
2026-03-18 00:00:00,"MSTR",144.99,140.56,146.7586,140.35,-0.11172901921132461,-0.5036547900702708,10.370328425821064,48505007040,64457176740,2995907184.727056,2736260718.0789967,71215.89,761068,54200134970.52,1.1892438418291562,8253923000,0.10982358260247137,9999716700,0.18449615864312788,0.3367821816297753,0.77118893,0.7387283856138421,0.7474656003667995,38332748834.2
2026-03-17 00:00:00,"MSTR",145.965,150.28,152.27,145.23,-0.06297543334580369,-0.4893125361062969,11.15660896295098,51859223520,67811393220,2772392252.611655,2709285294.4315176,74478.75,761068,56683393305,1.196318520578379,8253923000,0.10501229113033603,9999716700,0.1764135157927804,0.32202799860236775,0.73799391,0.6994494452506664,0.7455466555047149,40240785802.4
2026-03-16 00:00:00,"MSTR",145.35,147.52,148.24,143.31,-0.11928358208955218,-0.5041177854717805,10.933344119074585,50906791680,66858961380,3383107661.7654066,2733931066.41382,74468.66,761068,56675714128.880005,1.1796756760393596,8253923000,0.10502651958587027,9999716700,0.17643741863156315,0.32207163121917454,0.77004884,0.7178510841057179,0.7467361229846581,37825042399.2
2026-03-13 00:00:00,"MSTR",143.86,139.67,147.26,138.44,-0.20844431850382547,-0.4694598495783636,10.298333602976864,47798565749.99999,62581056249.99999,3308139259.8855233,2695600334.282134,71087.41,738731,52514473476.71,1.1916915872298424,8253923000,0.11334880854589342,8830037500,0.16814483542172604,0.3253190857483639,0.73035517,0.752640196666439,0.7535653103826253,38387634555.8
2026-03-12 00:00:00,"MSTR",137.16,137.34,138.8,133.38,-0.2216491924057806,-0.4768996381641592,10.109852774631937,47001181500,61783672000,2091606940.43719,2693182789.3185377,71411.23,738731,52753689349.13,1.1711725333769272,8253923000,0.11283481920299412,8830037500,0.16738236906165546,0.3238439000339176,0.78362501,0.7593585909410988,0.7533326330771511,36603342450
2026-03-11 00:00:00,"MSTR",139.81,138.33,142.67,135.14,-0.24533551554828148,-0.4691661230285121,10.189936903413688,47339984250.00001,62122474750.00001,2163154184.336262,2739262533.1548624,69449.46,738731,51304469035.26,1.210858935257767,8253923000,0.11602211487480867,8830037500,0.17211049380379287,0.33299166371371497,0.77489381,0.7859760439209295,0.7533858027840031,36941437447.2
2026-03-10 00:00:00,"MSTR",141.925,138.46,142.46,133.94,-0.2501083188908145,-0.42132319137376184,10.200453001132503,47384473500,62166964000,2537276057.3218374,2862318389.4169455,69556,738731,51383173436,1.2098700769704636,8253923000,0.1158444020086467,8830037500,0.17184686950093106,0.33248161523691844,0.79007709,0.8000530686914653,0.7585131499419799,36178404745.7
2026-03-09 00:00:00,"MSTR",136,138.95,140.19,135.303,-0.2647759140695276,-0.5161571140051536,10.2400906002265,47552163749.99999,62334654249.99999,2839159717.44735,3112688259.249715,69432.2,738731,51291718538.2,1.215296660484785,8253923000,0.11605095656069418,8830037500,0.172153278378141,0.3330744413891408,0.82860586,0.8050434741244326,0.7600335182257885,34345160336
2026-03-06 00:00:00,"MSTR",134.895,133.53,136.36,131.77,-0.2539806693111347,-0.5609154582223538,9.801650218411261,44846451090,59268526090,2609017629.6772556,3283836621.234127,68054.01,720737,49049043005.369995,1.208352344071446,8253923000,0.12135716897368033,8469622000,0.17267660041955818,0.34095558190949965,0.76516269,1.1441639362933878,0.7804492762691618,37998502335.3
2026-03-05 00:00:00,"MSTR",145.04,139.81,146.44,137.21,-0.21889491033018607,-0.5468805704099822,10.309658631289436,46955607930,61377682930,2975995733.570958,3318043920.4447336,70614.06,720737,50894165762.22,1.2059866196993876,8253923000,0.1169574726464748,8469622000,0.16641636370601853,0.32859454024913604,0.81060205,1.3330748802293004,0.7793508920153309,38457180003.7
2026-03-04 00:00:00,"MSTR",143.825,146.44,149.54,142.19,-0.2127304983603032,-0.4677812102489551,10.845979614949037,49182313320,63604388320,5474312497.694578,3342390949.2594495,72835.98,720737,52495585717.259995,1.21161403289358,8253923000,0.11338959111838039,8469622000,0.16133969902949913,0.31857050019543787,0.80414675,1.3267799831583642,0.7870030431652036,38742069989.8
2026-03-03 00:00:00,"MSTR",133.335,132.68,136.46,127.8,-0.29571633313870155,-0.47122588872947546,9.732891117942081,44560976040,58983051040,2574776880.948765,3262374092.217803,67818,720737,48878941866,1.206717019400708,8253923000,0.12177949793427306,8469622000,0.1732775235441714,0.34214212422697377,0.82079205,1.290074293390682,0.7861879605763998,34949496285
2026-03-02 00:00:00,"MSTR",129.135,137.65,140.14,128.94,-0.24088678100700384,-0.46110480366440904,10.134929623038344,46230165450,60652240450,3503528598.2865777,3302079583.1183376,68116.11,720737,49093800773.07,1.235435828860704,8253923000,0.12124653023941812,8469622000,0.1725191748577336,0.3406447400009323,0.81268033,1.3068464244347875,0.7870088158675227,34463505179.7
2026-02-27 00:00:00,"MSTR",128.945,129.5,131.12,127.8602,-0.26269642450466857,-0.46052905644657366,9.475651189127973,43265691000,57676654500,1814069660.0180104,3371269554.8706098,65660.38,717722,47125899254.36,1.2238844332432313,8253923000,0.1263095897199095,8458510500,0.1794875139537509,0.35463373143916815,0.74510922,1.2971966550040124,0.785672751488342,34819955485.5
2026-02-26 00:00:00,"MSTR",133.7,133.4,135.75,128.64,-0.24049191528125702,-0.4932958559653587,9.791134120692446,44568673200,58979636700,2415982866.327828,3391021812.8837295,67745.98,717722,48622780257.56,1.2130042006561255,8253923000,0.12242107441140199,8458510500,0.17396188484480685,0.34371612259670214,0.7975388,1.3394452534060006,0.7903552547292312,35150031404.4
2026-02-25 00:00:00,"MSTR",130.045,135.65,137.86,128.94,-0.21220744526395258,-0.4585046505129535,9.973143504287332,45320393700,59731357200,3275592409.8181243,3383403965.6738324,68645,717722,49268026690,1.2123756767413572,8253923000,0.12081776762551315,8458510500,0.17168356575800986,0.3392145905326496,0.82276399,1.3397110600468873,0.7919673623173842,35189938735.4
2026-02-24 00:00:00,"MSTR",121.71,124.61,126.7399,118.4,-0.3040102770330652,-0.5593082472768425,9.08008412878175,41631951780,56042915280,1913034883.0740395,3338395938.2785673,65438,717722,46966292236,1.1932582414296418,8253923000,0.1267388315451779,8458510500,0.18009747198047904,0.35583889432919297,0.85476625,1.2951450445421784,0.795955798559055,31378008696
2026-02-23 00:00:00,"MSTR",127.895,123.71,130.375,122.83,-0.27442815249266866,-0.5872067803396844,9.007280375343795,41331263580,55742227080,2334309426.2653446,3362865483.1300607,63348.73,717722,45466777193.060005,1.2259990815559372,8253923000,0.13091873599760168,8458510500,0.18603716872395998,0.3675746233131071,0.85854679,1.2930202938763382,0.797482090165117,30779983931.4
2026-02-20 00:00:00,"MSTR",130.51,131.05,136.14,129.41,-0.2601479139614971,-0.5954247962459867,9.601035431160009,43738592750,58158391250,2309809063.15,3336980599.264285,67797.72,717131,48619846741.32,1.1961862315080805,8253923000,0.12242846078207104,8467345500,0.17415409688661057,0.34391857689237193,0.74646776,1.2855986703798334,0.7994081095838338,38026174214.4
2026-02-19 00:00:00,"MSTR",123.49,129.45,130.04,121.87,-0.30589812332439686,-0.5937803997866131,9.471606536159197,43204584750,57624383250,2001104766.7499998,3370836861.0376186,67236.01,717131,48217027087.31,1.1951044419568928,8253923000,0.12345126523917517,8467345500,0.1756090329805605,0.3467917768907986,0.83801418,1.2830039657550212,0.7994997057572286,36111184901.4
2026-02-18 00:00:00,"MSTR",127.625,125.2,132.25,123.615,-0.39458413926499036,-0.6251160283857832,9.1278110338133,41786126000,56205924500,2166841533.2000003,3471391251.194762,66763.29,717131,47878024920.99,1.1739399148722822,8253923000,0.12432536659193748,8467345500,0.17685243938055323,0.3492472491836083,0.86682864,1.2783532488151474,0.7998040364329431,34727042704.4
2026-02-17 00:00:00,"MSTR",129.01,128.67,132.12,125.91,-0.341571998771876,-0.6190151896485359,9.408509949846303,42944255849.99999,57364054349.99999,2429299250.25,3529196572.4319053,67788.11,717131,48612955112.41,1.1800157842154302,8253923000,0.1224458168863807,8467345500,0.17417878588990449,0.34396733260371914,0.86579339,1.3005523614422196,0.8010603823172994,35228257008.1
2026-02-13 00:00:00,"MSTR",126.995,133.88,135.25,125.76,-0.35801285125155846,-0.5879601132586483,9.829962789192686,44593152040,58929067640,3293985528.2,3588379099.0790477,68816,714644,49178941504,1.1982581535474277,8253923000,0.12103662295203839,8383462600,0.1704685449425162,0.33830304376613696,0.78432176,1.301628394683739,0.7998045713298594,40044339172.5
2026-02-12 00:00:00,"MSTR",127.57,123,128.99,120.64,-0.452384132496327,-0.6236460436937764,8.949846303187186,40969209000,55305124600,2573721987,3775490232.7823806,66427,714644,47471656988,1.1650135703917006,8253923000,0.1253896193576027,8383462600,0.17659932540629858,0.35046987309091904,0.89036889,1.254947832106256,0.7948596669178883,35672821878.3
2026-02-11 00:00:00,"MSTR",133.685,126.07,133.91,123.915,-0.4550680786686838,-0.6053653039504163,9.198187995469988,41991773810,56327689410,3257120692.77,3880541971.774762,67074,714644,47934031656,1.175108528617775,8253923000,0.12418010324518404,8383462600,0.1748958372657691,0.3470892187704696,0.87779692,1.26960837442684,0.7950317409346122,36063609950.8
2026-02-10 00:00:00,"MSTR",133.66,133,139.16,132.6775,-0.44323509711989284,-0.6025342179188333,9.758776896942242,44300039000,58635954600,3059051338,3850438538.7380953,67537.3,714644,48265126221.200005,1.2148720865510698,8253923000,0.12332823854473711,8383462600,0.17369606704390306,0.34470821693805465,0.86369691,1.2918347218491506,0.794612480580342,37186821765.5
2026-02-09 00:00:00,"MSTR",127.37,138.44,139.58,125.13,-0.4277683627495557,-0.5773598730003664,10.198835139944993,46112010520,60447926120,4747114522,3914251360.759047,69782.99,714644,49869995105.560005,1.212110127383202,8253923000,0.11935940613991279,8383462600,0.16810634495260512,0.3336151440316684,0.86955483,1.2943423566772787,0.7953600429332148,36914936144
2026-02-06 00:00:00,"MSTR",114.95,134.93,135.67,114.68,-0.43115514333895444,-0.5854175628341424,9.91490050153697,44854914830,59237724930,7796268488.21,3888229345.7680945,70725.57,713502,50462835646.14001,1.1738881529645313,8244000000,0.11878048316649625,8388810100,0.16623739020186581,0.32960514182425404,0.87609342,1.3016246911668599,0.7936811004829452,37939017625
2026-02-05 00:00:00,"MSTR",120.25,106.99,122,104.165,-0.5804313725490196,-0.6822393822393822,7.654748422585342,35566792690,49949602790,6437347358.5199995,3735945927.488571,64832.42,713502,46258061334.84,1.079803202915027,8244000000,0.12957741476912096,8388810100,0.18134806902687542,0.3595656545051259,1.28287439,0.9537999064697454,0.7580648792993179,27868525605.2
2026-02-04 00:00:00,"MSTR",130.01,129.09,130.8199,121.188,-0.47734726102271346,-0.6293818724699262,9.442485034784017,42913517790,57296327890,3331852014.27,3599814520.7485714,70732.12,713502,50467509084.24,1.135311191887069,8244000000,0.11876948374834309,8388810100,0.16622199613611718,0.3295746194296341,0.94696632,0.7323540580519342,0.7359356597094479,31492491940.2
2026-02-03 00:00:00,"MSTR",140.135,133.26,140.23,126.7401,-0.4965050817999774,-0.6160649975510675,9.779809092379873,44299755060,58682565160,3485158774.5,3620669748.2885714,76387.7,713502,54502776725.4,1.0766894585143603,8244000000,0.10997604819657947,8388810100,0.15391527925751627,0.30517362782818713,0.90740139,0.737156112471483,0.7354395262351647,30512975781.7
2026-02-02 00:00:00,"MSTR",139.765,139.63,147.8751,138,-0.4819116173796891,-0.582932584605275,10.295097880601844,46417340530,60800150630,3791592888.3599997,3605673680.2542853,78739.5,713502,56180790729,1.082223120056862,8244000000,0.10669127155780585,8388810100,0.14931812085851925,0.29605866852661256,0.82079834,0.7511800577676238,0.7356460917391962,32341592770.2
2026-01-30 00:00:00,"MSTR",139.995,149.71,151.15,139.9,-0.4119102800801351,-0.5597929959716546,11.110499919106942,49665993080,64041750680,3408594884.6400003,3540187907.422381,83831.98,712647,59742609051.06,1.0719610625854266,8244000000,0.1003304022908864,8381757600,0.14029781646858433,0.27828978118097464,0.74126434,0.7239021745916031,0.7323342103884202,36909165803.6
2026-01-29 00:00:00,"MSTR",155.95,143.19,156,139.3601,-0.47998983149331786,-0.5803956043956044,10.583077171978644,47502996120,61878753720,4957795954.62,3472278905.259524,82799.9,712647,59007100335.299995,1.0486662345443551,8244000000,0.10158099560798434,8381757600,0.14204659358571728,0.2817585935510531,0.80403081,0.7076784903440234,0.730753989478502,32974018176.3
2026-01-28 00:00:00,"MSTR",164.45,158.45,165.72,157,-0.44333192804946603,-0.5283243532878874,11.81750525804886,52565470600,66941228200,2231378938.35,3340367422.685714,88170.06,712647,62834128748.82,1.0653641505494278,8244000000,0.09539401785868742,8381757600,0.13339498401427913,0.2645975671352366,0.73415527,0.6075843361157695,0.724344031776366,36542317863.2
2026-01-27 00:00:00,"MSTR",160.305,161.58,161.67,156.98,-0.4534384196461793,-0.5355828926189928,12.070700533894193,53603841840.00001,67979599440,2255973819.96,3327114570.837143,88866.67,712647,63330565775.49,1.0734090025500649,8244000000,0.09464624114126863,8381757600,0.13234932449070086,0.2625234339282415,0.70672979,0.6086243964259748,0.7248680768211062,35966703163.2
2026-01-26 00:00:00,"MSTR",159.41,160.58,163.92,158.62,-0.4445136294451362,-0.5459609240252212,11.989807474518688,53272093840.00001,67647851440,2332117149.88,3273326239.305715,88476,712647,63052155972,1.0728872057926273,8244000000,0.0950641561354666,8381757600,0.13293371924858755,0.2636826186781482,0.71284509,0.6082968397731221,0.7262621464817267,35361787860.9
2026-01-23 00:00:00,"MSTR",160.94,163.11,168.9638,158.72,-0.4275235153727362,-0.5628484133790738,12.194466914738717,53854681140.00001,68208538640,2427197175.1800003,3281795041.671428,89714.22,709715,63671527647.3,1.0712565122959223,8244000000,0.09413940926944567,8359857500,0.13129663774219968,0.2607736631037796,0.66731481,0.605421461197771,0.7265817116192245,38734754951
2026-01-22 00:00:00,"MSTR",163.725,160.98,164.64,159.44,-0.42672981731419823,-0.5733481752405184,12.022164698268888,53151410520,67505268020,1789331979.12,3316730876.2685723,89859.8,709715,63774847957,1.0584935939873228,8244000000,0.09398689596314579,8359857500,0.13108392677998398,0.260351189095662,0.69830673,0.6211831680178255,0.726435520518793,36994771118.4
2026-01-21 00:00:00,"MSTR",161.27,163.81,165.72,156.01,-0.4574210857540327,-0.5790028270367515,12.25109205630157,54085802940,68439660440,3022535792.13,3404677028.0285716,89905.96,709715,63807608401.4,1.0725940394045292,8244000000,0.0939386407071243,8359857500,0.13101662496751057,0.26021751819232414,0.73421059,0.6182374123942536,0.7268182431894886,36086109270
2026-01-20 00:00:00,"MSTR",165.17,160.23,165.72,158.85,-0.4597956913118237,-0.5958890290037832,11.96149490373726,52903780020,67257637520,4117031657.7599998,3392958080.802381,89327.27,709715,63396903428.05,1.0608978338560588,8244000000,0.09454720460917576,8359857500,0.1318653916509931,0.26190328868103063,0.75461319,0.6306168408140392,0.7278209411714244,34327045733.1
2026-01-16 00:00:00,"MSTR",171.925,173.71,173.88,167.59,-0.3880002818489289,-0.5266757493188011,13.051933344119076,55522058750,69579824550,3380815414.81,3343333312.9395237,95269,687410,65488863290,1.0624680450152917,8244000000,0.09152701236326498,8063765800,0.12313186387572127,0.24901586286183347,0.64839407,0.5562428526124804,0.726868268303602,52427214732.6
2026-01-15 00:00:00,"MSTR",179.125,170.91,179.25,170.09,-0.42408006469874643,-0.5260662192890023,12.82543277786766,54627108750,68684874550,3672256347.72,3351222152.556666,95236.01,687410,65466185634.1,1.049165670562964,8244000000,0.09155871755689776,8063765800,0.12317451707160024,0.24910212260030648,0.72209977,0.5786940006218643,0.7269037309641002,51495561033
2026-01-14 00:00:00,"MSTR",178.64,179.33,190.2,176.12,-0.40356537067216547,-0.4759037905134874,13.506552337809417,57318351250.00001,71376117050,7219287272.01,3372341273.8957143,96288.01,687410,66189340954.1,1.0783627094806225,8244000000,0.09055838770409619,8063765800,0.12182876704561751,0.2463805435275276,0.79412963,0.5586137819680745,0.7275992455900002,50594104303.2
2026-01-13 00:00:00,"MSTR",164.45,172.99,173.76,162.8,-0.4516435794211811,-0.47323386114494514,12.993690341368712,55291928750,69349694550,4766391394.12,3150733177.750477,95104,687410,65375440640,1.060791237062322,8244000000,0.09168580649432086,8063765800,0.12334549061633675,0.24944789114005733,0.74281588,0.6301566284967277,0.7278885085765164,47836089625.5
2026-01-12 00:00:00,"MSTR",156.27,162.23,163.82,154.69,-0.4677318809672234,-0.5052605897959807,12.12328102248827,51852763750,65910529550,2625769609.25,3093488717.372381,91406.77,687410,62833927765.700005,1.0489640214085019,8244000000,0.09539432298981673,8063765800,0.12833458112102736,0.25953758391182635,0.7315243,0.5933050912322331,0.7262362886884501,44312930646.4
2026-01-09 00:00:00,"MSTR",166.75,157.33,167.2,155.46,-0.5087889100502669,-0.5256858607175158,11.726905031548295,49212352010.00001,63158874110.00001,4325211735.55,3165946986.54,90325.99,673783,60860116520.170006,1.0377711664266722,8244000000,0.09848814531949661,7952522100,0.13066886090111918,0.26612703073994637,0.68823197,0.5771801867932004,0.7254649635751798,46221154345.5
2026-01-08 00:00:00,"MSTR",158.625,166.97,170.62,156.17,-0.49525392986698913,-0.49662345492915283,12.506714123928168,52227715090,66174237190,4200853664.04,3174868987.230477,90992,673783,61308862736,1.0793584195967005,8244000000,0.09776726777351194,7952522100,0.12971243870962154,0.2641791313230404,0.70689034,0.5479384350206444,0.7232771847751338,46955785818.8
2026-01-07 00:00:00,"MSTR",163.445,161.83,170.16,158.45,-0.5072168087697929,-0.5260159625100681,12.09092379873807,50619938510.00001,64566460610.00001,4598427608.42,3117652377.0195246,90919.46,673783,61259986517.18001,1.0539744502211523,8244000000,0.09784527129007803,7952522100,0.12981592964878896,0.26438990637808546,0.72465104,0.5454644584812619,0.722936039647914,44259700206.8
2026-01-06 00:00:00,"MSTR",166.88,157.97,167.14,154.05,-0.5608162584447719,-0.5832915666464428,11.778676589548617,49412542090,63359064190,3573592284.96,3075608099.276667,92609.45,673783,62398673049.35,1.0153912109619774,8244000000,0.09605973504051044,7952522100,0.12744697461291352,0.2595651687527146,0.73255243,0.5468171491579564,0.7295777714028915,41053532224
2026-01-05 00:00:00,"MSTR",163.415,164.72,167.7,160.96,-0.5315530529249495,-0.5150444562209269,12.32470474033328,51523921840,65470443940,3765300547.68,3051317340.3614287,93796.03,673783,63198170481.49,1.0359547347842217,8244000000,0.0948445177183661,7952522100,0.12583468855841642,0.25628150271761063,0.72341252,0.5440301820917355,0.7300207748228167,41145244220.1
2026-01-02 00:00:00,"MSTR",154.59,157.16,160.79,149.75,-0.5539409076717849,-0.4761507949735009,11.713153211454458,48843913560,62855070660,3181140152.7599998,3111415970.035714,90132.72,672497,60613983801.840004,1.0369730995653839,8244000000,0.09991093837023403,7955157100,0.13124293440284504,0.26725115367698793,0.67510718,0.5068022977991571,0.7466518774815452,42312715263
2025-12-31 00:00:00,"MSTR",156.24,151.95,156.8,151.42,-0.5284131467055647,-0.47534700642220845,11.291700372108073,47224692450,61235849550,2418671266.6499996,3230494245.1876197,87418.55,672497,58788712619.35,1.0416259656253222,8244000000,0.10301297188138628,7955157100,0.13531776331808296,0.2755487640099833,0.67930937,0.5120432825207375,0.7467288967368504,41007284597.4
2025-12-30 00:00:00,"MSTR",155.82,155.61,159.38,154.1321,-0.5170540951553334,-0.4863678373382624,11.587768969422426,48362187510.00001,62373344610.00001,1982475445.8600001,3465830258.071905,88225.11,672497,59331121799.67,1.0512753293389934,8244000000,0.1020712202349372,7955157100,0.13408067905508989,0.2730296783313155,0.67888573,0.5577459193289958,0.7476431304776716,41749964080
2025-12-29 00:00:00,"MSTR",157.945,155.39,162.93,155.32,-0.5239568653881503,-0.5291212121212122,11.569972496359812,48293813489.99999,62304970589.99999,2187220225.98,3498947031.8976192,87204.4,672497,58644697386.799995,1.062414393223962,8244000000,0.1032659433820032,7955157100,0.13565006649331918,0.27622543591888626,0.70237854,0.5659770970920229,0.749137625431457,41126122619.7
2025-12-26 00:00:00,"MSTR",159.89,158.81,159.91,154.1219,-0.4861515563321038,-0.5343498020818062,11.846626759424042,49250951250,63258310850,1953072377.7,3562224269.4480953,87414.79,671268,58678751253.71999,1.0780445987420306,8244000000,0.10320601360132173,7951359600,0.13550662599514532,0.2760004133348574,0.65439579,0.5654612055043917,0.7526057402457154,45432226405.8
2025-12-24 00:00:00,"MSTR",157.2,158.71,159.28,155.1,-0.5091089047663233,-0.5568987659835837,11.838537453486492,49219938750,63227298350,1126453112.76,3625935606.1457148,87718.44,671268,58882581781.92,1.073786108499306,8244000000,0.1028487511371233,7951359600,0.1350375503140978,0.2750449981962716,0.67272756,0.5720858389455724,0.7540082501335511,44170940152
2025-12-23 00:00:00,"MSTR",162.25,157.88,162.73,156.5,-0.5183354689120752,-0.524787045119345,11.771396214204822,48962535000,62969894600,2508887025.88,3770795845.362858,87085.05,671268,58457407343.4,1.077192736757756,8244000000,0.1035967942338746,7951359600,0.13601971009919805,0.27704546499749105,0.70021022,0.5839677845749992,0.7580674708292736,41725382682
2025-12-22 00:00:00,"MSTR",168.82,164.32,170.67,163.69,-0.510850474801298,-0.5488193300384404,12.292347516583076,50959740000,64967099600,3160611561.12,3892064445.2019043,87867.96,671268,58982949773.28001,1.1014555875845817,8244000000,0.10267373916154057,7951359600,0.13480776445673903,0.27457696948443727,0.71200341,0.6009042042149557,0.7586741619797517,42802170992
2025-12-19 00:00:00,"MSTR",163.4,164.82,167.75,161.63,-0.5219144307469181,-0.49512957176989525,12.33279404627083,50367343800,65124563400,3636316197.3599997,3975070067.244762,88261.04,671268,59246811798.71999,1.0992078969793104,8244000000,0.11484162258579116,7953219600,0.13423877772561976,0.27338550562057307,0.66079137,0.6145964467067242,0.7707421941815231,56392942970
2025-12-18 00:00:00,"MSTR",167.81,158.24,169.51,157.43,-0.5467461044912924,-0.5474202036380277,11.800517715580005,48356561600,63113781200,2774672097.44,4050803676.360952,87223,671268,58550008764,1.0779465713557002,8244000000,0.11620835152092242,7953219600,0.13583635199880806,0.2766390636299786,0.80545726,0.6135886579081863,0.7723163007297255,52471387972.8
2025-12-17 00:00:00,"MSTR",167.745,160.38,171.1631,160.31,-0.5135725334384762,-0.5849593706329901,11.973628862643585,49010524200,63767743800,3070456495.92,4135810412.0638094,86730.68,671268,58219530102.24,1.0952981531801564,8244000000,0.11686799924443594,7953219600,0.13660741654962275,0.2782093838881192,0.80902402,0.700525905750937,0.778349795480772,53383475504.8
2025-12-16 00:00:00,"MSTR",164.97,167.5,171.489,161.95,-0.500134292279686,-0.5899632802937577,12.549587445397185,51186325000,65943544600,3546544332.5,4171477854.67238,86739.9,671268,58225719193.2,1.132550108676053,8244000000,0.1168555767842644,7953219600,0.13659289589211002,0.27817981167833516,0.7934903,0.7316382394311709,0.7790743289810558,53105944040.1
2025-12-15 00:00:00,"MSTR",176,162.08,176.5,160.54,-0.5055370816681412,-0.6033963833900212,12.111147063581946,49530027200.00001,64287246800.00001,4115757895.84,4223531558.565238,85813.2,671268,57603655137.6,1.116027214704252,8244000000,0.11811750458798198,7953219600,0.13806796775311997,0.28118388601051614,0.81155779,0.7170182410401527,0.7797743699779888,51241180797.3
2025-12-12 00:00:00,"MSTR",182.97,176.45,185.25,176.22,-0.46762611634081586,-0.5500905173512839,13.27358032680796,53076160000,67705364900,2564189045,4191142955.66619,90386.76,660624,59711662938.24,1.1338717022506628,8244000000,0.11394758854794253,7825204900,0.1310498571793862,0.269113337483507,0.69708267,0.6733866118042218,0.775182954478829,59684952635
2025-12-11 00:00:00,"MSTR",179.79,183.3,183.5,171.41,-0.43776455432182065,-0.5544482255712202,13.827697783530175,55136640000,69765844900,3581668252.5,4184556900.5223804,92411.99,660624,61049578481.76,1.142773572480016,8244000000,0.11145040095621389,7825204900,0.12817786943996615,0.2632156568419396,0.74894669,0.7059907832652507,0.7756877493277,58663756239
2025-12-10 00:00:00,"MSTR",189.32,184.64,191.07,182.2,-0.434400367590749,-0.5106540867168451,13.936094483093349,55539711999.99999,70168916900,4146783230.72,4105861765.393809,90443,660624,59748816432,1.1743984415132154,8244000000,0.11387673273400516,7825204900,0.1309683666940223,0.2689459952447481,0.78480663,0.7092091885674344,0.7808863167481063,58525401271.2
2025-12-09 00:00:00,"MSTR",181.49,188.99,198.3999,179.92,-0.42474051076005226,-0.48270104560135757,14.287979291376802,56848192000,71477396900,4586712837.940001,4016768520.1671433,92568.27,660624,61152820800.48,1.1688323770575593,8244000000,0.11126224286855127,7825204900,0.12796147091122537,0.2627712784080415,0.77088762,0.7118471921609131,0.7814071906183565,60424974426.6
2025-12-08 00:00:00,"MSTR",182.1,183.69,185.59,178,-0.4431949075477417,-0.5349737981316929,13.85924607668662,55253952000,69883156900,2999316036.6,3993925883.5990477,89929.88,660624,59409837045.12,1.1762893213614747,8244000000,0.1145264881779185,7825204900,0.13171564322011167,0.27048054159441504,0.76709265,0.6958650205058349,0.7823514080313987,56064688124.4
2025-12-05 00:00:00,"MSTR",183.335,178.99,185.39,176.3,-0.4670854795009974,-0.5367753623188405,13.479048697621746,52920720370,67502510370,3714161707.34,4014524599.0942855,89670.38,650000,58285747000,1.1581306553384312,8244000000,0.11673522859713885,7777790000,0.1334424005923781,0.27488349767568393,0.7207823,0.6915255259649251,0.7842969854708063,59180539768.8
2025-12-04 00:00:00,"MSTR",186.02,186.01,191,182.35,-0.4321865746817668,-0.5418472906403942,14.046917974437793,54996274630,69578064630,3064409840.3599997,3955156373.030476,92046.89,650000,59830478500,1.1629200764289391,8244000000,0.11372130343233006,7777790000,0.129997121784677,0.26778642594342617,0.77895121,0.7173603007189022,0.7848774672525483,59158316882.5
2025-12-03 00:00:00,"MSTR",183.4,188.39,190.44,177.82,-0.429570641312905,-0.4955145542671987,14.239443455751497,55699952569.99999,70281742570,5027401914.599999,3994299690.713809,93377.02,650000,60695063000,1.1579482596467525,8244000000,0.11210137470324398,7777790000,0.1281453484939953,0.26397188186459253,0.81094493,0.7371052949459472,0.7896311033995528,58282564171
2025-12-02 00:00:00,"MSTR",177.75,181.33,188.37,176.89,-0.469205550026345,-0.5231922166710492,13.668338456560429,53612571790,68194361790,5672991373.820001,3894476827.7690473,93376.01,650000,60694406500,1.1235691346615277,8244000000,0.13582800253595032,7777790000,0.12814673457594483,0.2639747371118951,0.81889717,0.7356459976164095,0.7887025124410421,56743004223
2025-12-01 00:00:00,"MSTR",168.26,171.42,172.175,155.61,-0.4873957118507222,-0.5575915554752626,12.866688238149166,50682551460,65264341460,7360808398.32,3804928117.6357145,86971,650000,56531150000,1.154484588762125,8244000000,0.14583110373661248,7777790000,0.13758414608583056,0.28341524982244304,0.86748844,0.6802171640601845,0.788028393895487,47696818314.6
2025-11-28 00:00:00,"MSTR",182.99,177.18,187.29,175.0501,-0.4770983354975799,-0.5443370023660117,13.33263226015208,50920823280,66889538280,2677944763.98,3643088300.245238,90865.7,649870,59050892459,1.1327439009739353,8244000000,0.139608389589098,7779000000,0.13173382612974202,0.27134221571884,0.67151061,0.7348636879933923,0.7876077592678808,54766765064
2025-11-26 00:00:00,"MSTR",173.69,175.64,180.63,169.7,-0.5001138433515483,-0.5034069382792842,13.2080569487138,50478233439.99999,66446948439.99999,3515703153.56,3649103823.5795236,91261.62,649870,59308188989.399994,1.1203671798489057,8244000000,0.1390027269501254,7779000000,0.13116232568474348,0.2701650526348689,0.77539837,0.7574795634314718,0.7920608281601483,52431674182.2
2025-11-25 00:00:00,"MSTR",173.71,172.19,176.76,166.7801,-0.49828088578088575,-0.5732060974098401,12.928975893868307,49486717240,65455432240,3290177936.46,3590080204.815714,87192.15,649870,56663562520.5,1.155159141579198,8244000000,0.1454903227628416,7779000000,0.13728399087483562,0.28277431363767724,0.82808594,0.7413957644507341,0.8022134599727588,48753477059.4
2025-11-24 00:00:00,"MSTR",171.62,179.04,179.84,166.01,-0.5000698070533047,-0.575613918649853,13.483093350590519,51455379840,67424094840,4168518136.3199997,3547900016.134286,88339,649870,57408865930,1.1744543938946959,8244000000,0.14360151287524311,7779000000,0.13550171866284766,0.27910323153809075,0.8099795,0.7411266168560684,0.8030243151950996,49184929824
2025-11-21 00:00:00,"MSTR",172.74,170.5,181.19,166.31,-0.49493453403637655,-0.570831655255739,12.792266623523702,49001018000,64969733000,5055529770.5,3457896506.677143,84176.5,649870,54703782055,1.1876643727243295,8244000000,0.15070256004806687,7779000000,0.1422022336989219,0.29290479374698875,0.84752418,0.7114599552542566,0.803305228314646,54921908223.6
2025-11-20 00:00:00,"MSTR",192.44,177.13,193.53,171.475,-0.48564044487034297,-0.6261739442416057,13.328587607183303,50906453480,66875168480,4903722538.82,3340379047.8742857,85944,649870,55852427280,1.197354738850304,8244000000,0.14760325381511333,7779000000,0.13927774277386787,0.2868809965889812,0.93382837,0.7243520074185761,0.8211131694689091,54263246384
2025-11-19 00:00:00,"MSTR",202.36,186.5,203.95,181.73,-0.44588050034168225,-0.5668230594137594,14.086555573531792,53599354000,69568069000,5226731878,3309178333.1204762,92878.94,649870,60359236737.8,1.1525670760583517,8244000000,0.13658224400371172,7779000000,0.12887836925095505,0.26546061325466674,0.95111359,0.7287015092690129,0.8257805713123377,54478038496
2025-11-18 00:00:00,"MSTR",196.36,206.8,213.83,196,-0.4312431243124312,-0.4625639959458406,15.728684678854556,59433492800,75402207800,4559825846.400001,3173902461.536667,91083.17,649870,59192219687.9,1.273853357714403,8244000000,0.13927506086894098,7779000000,0.13141929870202473,0.2706943595709657,0.80411963,0.6893204328121152,0.827740983674336,60041983964.8
2025-11-17 00:00:00,"MSTR",197.025,195.42,204.15,189.5315,-0.4665319938851278,-0.42633201232937035,14.8081216631613,56162926320,72131641320,3819466898.4599996,3093486182.454762,89972,649870,58470103640,1.2336499651875767,8244000000,0.1409951323287923,7779000000,0.13304235011956275,0.274037482448355,0.84842539,0.6452225192981955,0.8272582954870186,53747574058.9
2025-11-14 00:00:00,"MSTR",200.58,199.75,208.84,194.56,-0.4643910548613718,-0.3903927732169561,15.15838861025724,57399161250,73228876250,4640951350.25,3092577423.7523813,96074.7,641692,61650366392.4,1.187809262704193,8244000000,0.1337218330143823,7640000000,0.12392464874210102,0.2576464817564833,0.76609475,0.6636730346389516,0.8357916957658265,59407014297.6
2025-11-13 00:00:00,"MSTR",223.8,208.54,226,207.03,-0.46514490895101307,-0.3649430537791583,15.869438602167934,59925011700,75754726700,3435576380.96,3058345733.0338097,97766,641692,62735660072,1.2075225894341173,8244000000,0.13140851615394797,7640000000,0.12178081797867084,0.2531893341326188,0.77156652,0.6713069979200978,0.8347650848037603,61469742151.8
2025-11-12 00:00:00,"MSTR",233.9,224.61,234.84,219.8,-0.4304875884276984,-0.37011694102470616,17.16939006633231,64542806550.00001,79475521550,2425810011.78,3044900842.7880955,102089.29,641692,65509880678.67999,1.213183732387183,8244000000,0.12584361190392135,6743000000,0.10293103773267123,0.22877464963659255,0.75739039,0.6445223267521044,0.8355233786808962,62746183706.4
2025-11-11 00:00:00,"MSTR",236.455,231.35,239.24,230.55,-0.4219862585883823,-0.3195588235294118,17.714609286523217,66479579250,81412294250,1929517300.2,3093756054.534762,103210,641692,66229031320,1.2292538880213837,8244000000,0.12447713390472702,6743000000,0.10181335685584356,0.2262904907605706,0.70394442,0.6418681734546784,0.8365264159516435,66288452623.5
2025-11-10 00:00:00,"MSTR",249.68,238.88,249.96,234.6,-0.3954394756156202,-0.11663338510465208,18.323734023620773,68643362400,83576077400,2275855863.84,3175758698.3957148,105703.8,641692,67829282829.6,1.2321533401725466,8244000000,0.12154042702634037,6743000000,0.09941134151366,0.22095176854000037,0.71590315,0.6505931531473395,0.8376453443952389,66818541243.3
2025-11-07 00:00:00,"MSTR",222.66,241.93,243.7325,219.68,-0.3981990497748812,-0.10664303386137881,18.570457854716068,69519553220,84403268220,4107017470.01,3265406709.922381,102500.21,641205,65723647153.05,1.2842146149231637,8244000000,0.12543430495879632,6694000000,0.10185070807789696,0.2272850130366933,0.69990706,0.6728885062434433,0.8672857604591256,72492438320.4
2025-11-06 00:00:00,"MSTR",252.14,237.2,252.34,235.03,-0.38134112307973195,-0.07994259338272376,18.187833683869922,68160368800,83044083800,3431889062,3240856726.6242857,101962.03,641205,65378563446.15,1.2702035563751788,8244000000,0.12609637724435915,6694000000,0.10238830049414606,0.22848467773850523,0.7355941,0.6751361781601823,0.8684829765012245,69343660232.5
2025-11-05 00:00:00,"MSTR",250.2,255,255.36,247.0201,-0.3208331113833697,0.11940298507462681,19.627730140753922,73275270000,88158985000,2467423860,3282155728.4719048,104220,641205,66826385100,1.3192242086427026,8244000000,0.12336444635847885,6694000000,0.10017001503198174,0.22353446139046057,0.70354544,0.6442723738354079,0.8743226075073092,71322937226.4
2025-11-04 00:00:00,"MSTR",255.16,246.99,258.21,245.86,-0.36545575994245194,0.1076281447598547,18.979776735156126,70973564460,85857279460,3886419511.71,3470917226.1099997,101984,641205,65392650720,1.3129499800769049,8244000000,0.12606921281260458,6694000000,0.10236624339732836,0.22843545620993294,0.74668679,0.6271958444171616,0.8740018725388605,67738954015.2
2025-11-03 00:00:00,"MSTR",264.19,264.67,270.36,259.85,-0.27810053732645984,0.15219189412737802,20.409966024915065,76053983180,90937698180,2931121792.76,3449439502.7061906,106711.97,641205,68424248723.85,1.3290273532561667,8244000000,0.12048360272498639,6694000000,0.0978308147308417,0.21831441745582808,0.6571528,0.6566993635078003,0.8729405521766829,72858351868.2
2025-10-31 00:00:00,"MSTR",269.98,269.51,276.3199,263,-0.3293435524809636,0.10229038854805722,20.801488432292505,77395186700,92263901700,3792486775.35,3512600712.876667,110174.08,640808,70600431856.64,1.306846137816118,8244000000,0.11676982396850095,6679000000,0.09460282075274355,0.2113726447212445,0.6423935,0.6702247273955982,0.8738111912228126,77537040216.7
2025-10-30 00:00:00,"MSTR",269.985,254.57,271.365,254,-0.3555842446334549,0.029355869152076306,19.592946125222454,73104866900,87973581900,3962177375.72,3561301780.644286,109192.5,640808,69971427540,1.2572786491987584,8244000000,0.11781951990742534,6679000000,0.09545324762999684,0.21327276753742216,0.77021792,0.6188596412301578,0.8720215570526676,71982169165.8
2025-10-29 00:00:00,"MSTR",284.375,275.36,286.175,274,-0.3022855115795875,0.06629491945477077,21.274712829639217,79075131200,93941131200,2804281384.8,3598150004.7476206,110763.96,640808,70978431679.68001,1.3235165806980467,8238000000,0.11606342666427791,6678000000,0.09408491906579848,0.21014834573007637,0.68810531,0.6038646679796819,0.869519450138885,75839857457.6
2025-10-28 00:00:00,"MSTR",295.14,284.64,297.2,284.25,-0.29509658246656767,0.11474896216808954,22.025400420643905,81740068800,96606068800,2276207159.52,3584272660.1276193,112529.3,640808,72109675674.40001,1.3397102108212167,8238000000,0.11424264390256592,6678000000,0.09260893129173771,0.2068515751943036,0.6423024,0.6324511203623245,0.8689362316865825,76254085052
2025-10-27 00:00:00,"MSTR",299.5,295.63,299.8,293.0001,-0.2716499544211486,0.26154305709652637,22.91441514318071,84896067100,99762067100,2405226168.42,3672542245.453333,113905,640808,72991235240,1.3667677601560755,8238000000,0.11286286597168704,6678000000,0.09149043687289707,0.2043533028445841,0.62256708,0.6219954222510138,0.8698257250399877,76018013652
2025-10-24 00:00:00,"MSTR",290.43,289.08,292.15,286.11,-0.303287380699894,0.2254864555513163,22.38456560427115,83015103600,97836103600,2278444437.72,3730100545.0390487,111049.76,640418,71118265199.68,1.3756818072727712,8238000000,0.11583522147046225,6633000000,0.09326717941412674,0.20910240088458898,0.60499317,0.6506759385964553,0.8720483832313798,80175806360
2025-10-23 00:00:00,"MSTR",285.47,284.92,289.07,278,-0.3095693895848983,0.3317130170600609,22.04805047726905,81820476400,96641476400,2587676775.6400003,3937867881.071429,110486.58,640418,70757594590.44,1.3658106519785107,8238000000,0.11642566494357666,6633000000,0.09374258746913619,0.21016825241271286,0.67916092,0.6569636685440849,0.8773460202689793,76570713661.6
2025-10-22 00:00:00,"MSTR",293.02,280.81,297.96,276.6,-0.3414399624765478,0.2781520254893037,21.715580003235722,80640207700,95461207700,4248514614.19,3955563643.7109528,108391.59,640418,69415925284.62,1.3752061549073766,8238000000,0.11867593734755325,6633000000,0.09555444190656964,0.2142303792541229,0.73622143,0.6980457563413797,0.877680224935363,73569922908
2025-10-21 00:00:00,"MSTR",293.95,301.91,305.9899,291.52,-0.2917565919114196,0.37826980141520206,23.42242355605889,86699494700,101520494700,2385938574.7400002,3901047693.4361916,108273.42,640418,69340247089.56,1.4640919085401576,8238000000,0.11880546069239965,6633000000,0.09565873036813388,0.21446419106053355,0.66357445,0.654857478345189,0.8745548876342256,78388070462
2025-10-20 00:00:00,"MSTR",297.21,296.61,306.16,294.4,-0.2991588299229715,0.3740850551283239,22.99369034136871,85177493700,99998493700,2871092257.6800003,3948254619.0461907,109154.7,640418,69904634664.59999,1.4304987670672953,8238000000,0.11784626354927163,6633000000,0.09488641249360509,0.2127326760428767,0.66710152,0.6533637110517074,0.8761592277230311,75694224164
2025-10-17 00:00:00,"MSTR",279.27,289.87,292.8,279,-0.3577569016705809,0.4986557749974151,22.4484711211778,83241967900,98043967900,3800390782.51,4102105982.275715,107119.46,640250,68583234265.00001,1.4295617427601348,8238000000,0.12011681992378839,6614000000,0.09643756336197334,0.21655438328576174,0.64888962,0.6473988675060266,0.8809992864934031,87060870813
2025-10-16 00:00:00,"MSTR",299.9,283.84,301.58,282.19,-0.3774073261680193,0.4624143438610952,21.9606859731435,81510332800,96312332800,3922086644.16,4248597233.68381,109179.9,640250,69902430975,1.377810920974197,8238000000,0.11784997867879944,6614000000,0.0946175963803811,0.21246757505918054,0.75817915,0.6378777043741963,0.8807964355606395,82156245571.8
2025-10-15 00:00:00,"MSTR",303.6,296.76,308.88,294.62,-0.32906784834166086,0.5272502701868148,23.005824300275034,85220569200,100022569200,3153254539.7999997,4213984282.264286,111377.8,640250,71309636450,1.4026515093809597,8238000000,0.11552435841930309,6614000000,0.09275043779864903,0.2082747962179521,0.69547282,0.6671370307577748,0.8795778893558749,84194985353.7
2025-10-14 00:00:00,"MSTR",301,300.67,312.7099,297.34,-0.33335550529909974,0.49090097684335815,23.32211616243326,86343403900,101145403900,3451841333.6600003,4201874560.2885714,112089.6,640250,71765366400,1.409390197163405,8238000000,0.11479074675218268,6614000000,0.09216144683405393,0.2069521935862366,0.66936679,0.6677089605399728,0.8803197990947526,85279934087.7
2025-10-13 00:00:00,"MSTR",306.67,315.47,315.95,300.59,-0.2740807216162731,0.48393621525001185,24.519333441190746,90593519900.00002,105395519900.00002,3651572821.28,4186219080.612381,113495.6,640250,72665557900,1.4504191937126794,8238000000,0.11336870228584593,6614000000,0.09101973742638808,0.204388439712234,0.65141393,0.6545720871435907,0.8806662706996529,84648872560.5
2025-10-10 00:00:00,"MSTR",323.175,304.79,323.43,303.57,-0.27730355195143924,0.6624304570742883,23.655395567060346,87507647320,102284647320,4158472466.7000003,4182945831.1114283,112417.34,640031,71950582537.54,1.4215958191392446,8238000000,0.11449525089948853,6589000000,0.09157674292021485,0.2060719938197034,0.71146978,0.6408373554304927,0.8921966028162805,90950995735.6
2025-10-09 00:00:00,"MSTR",327.4,320.29,328.99,318.22,-0.22897859945595916,0.6954634482028481,24.90923798738068,91957821320,106734821320,3591467820.75,4101466105.7409525,121078.09,640031,77493731020.79,1.3773349135992075,8238000000,0.10630537324096465,6589000000,0.08502623261528477,0.19133160585624942,0.6679052,0.6213652655761276,0.891262338478589,90322577453.5
2025-10-08 00:00:00,"MSTR",335.615,330.8,336.36,322.3,-0.16662467879276463,0.7211238293444331,25.759424041417244,94975326400,109752326400,4299168100.8,4081875573.5885715,122069.36,640031,78128174550.16,1.4047726960462463,8238000000,0.10544211543955917,6589000000,0.08433577307978336,0.18977788851934255,0.67278821,0.6102326212822397,0.8908030724675412,92085452298
2025-10-07 00:00:00,"MSTR",358.88,328.4,359.44,328.16,-0.17001541688781063,0.764737492611102,25.56528069891603,94286267200,109063267200,6431420410.4,3980214974.4557137,121430.13,640031,77719047534.03,1.4033016443265809,8238000000,0.1059971816611998,6589000000,0.08477973172683242,0.1907769133880322,0.67484489,0.6101899285370798,0.8913025095902946,90620939201.8
2025-10-06 00:00:00,"MSTR",362.95,359.69,365.21,354.7,-0.10965617960840618,1.037788227295904,28.0964245267756,103269876520,118046876520,3435387320.23,3830337534.3699994,124335.7,640031,79578702406.7,1.4833978558321057,8238000000,0.10352015992794594,6589000000,0.08279853529561007,0.186318695223556,0.64615296,0.5076891290115296,0.8881137585752883,94616617208.4
2025-10-03 00:00:00,"MSTR",350.865,351.63,358.54,344.4,-0.1296071684942697,1.1518266935928034,27.444426468209024,100950511590,115727511590,4257507206.34,3891422348.62619,122331.63,640031,78296035480.53,1.478076263756396,8238000000,0.10521605531417433,6589000000,0.08415496339707389,0.1893710187112482,0.56626282,0.5086887925570189,0.890669399672927,104319664487.5
2025-10-02 00:00:00,"MSTR",348.57,352.33,353.22,341.15,-0.12416724669384506,1.140002429543246,27.501051609771878,101151476690,115928476690,4815209198.469999,3852946739.9480953,120332.06,640031,77016248693.86,1.50524699210963,8238000000,0.10696444113690988,6589000000,0.08555337492730021,0.1925178160642101,0.59391644,0.5146406223943731,0.8907182224673551,98979034437.6
2025-10-01 00:00:00,"MSTR",332.47,338.41,343.73,331.2,-0.09346370211626034,1.0800909705575021,26.375020223264844,97155142130,111932142130,4735990081.89,3768024930.530476,118813,640031,76044003203,1.4719391065091136,8238000000,0.10833201374220924,6589000000,0.08664720060056041,0.19497921434276966,0.59108408,0.4972913035217315,0.8899717917260198,91744929183.6
2025-09-30 00:00:00,"MSTR",320.835,322.21,324.4999,316.19,-0.20290428716324874,0.911091340450771,25.06455266138165,92504235530,107281235530,2512857147.7799997,3723446482.640476,114198.94,640031,73090861767.14,1.467779048382095,8238000000,0.11270902819897546,6589000000,0.09014806831792296,0.20285709651689843,0.60274622,0.4782017028448452,0.8895934082477279,86303340405
2025-09-29 00:00:00,"MSTR",313.73,326.42,327.99,311,-0.14968219235177654,0.8523436613324255,25.405112441352532,93712897060,108489897060,4129868451.36,3765613461.673333,114440,640031,73245147640,1.4811888644586804,8238000000,0.11247161437218724,6589000000,0.08995817760358603,0.20242979197577327,0.60197457,0.48410551015160075,0.8912463606796263,85794234053.1
2025-09-26 00:00:00,"MSTR",301.3,309.06,310,297.71,-0.2002380705931063,0.8620315700686831,24.000808930593752,88615537560,103382537560,3613950459.72,3699908733.0542855,109586.6,639835,70117342211,1.4744217949519107,8238000000,0.11748876583498945,6579000000,0.09382842806851123,0.21131719390350068,0.59679998,0.4379722667844064,0.8910228009749134,85488930857.2
2025-09-25 00:00:00,"MSTR",316.61,300.7,317,292.36,-0.22633596624385732,0.979070685797025,23.324542954214525,86218508200,100985508200,6641558494.4,3665524242.005714,109621.17,639835,70139461306.95,1.4397816338802352,8238000000,0.11745171471945295,6579000000,0.0937988384485653,0.21125055316801827,0.67864095,0.4214625091106214,0.8948430799703836,79113500998.6
2025-09-24 00:00:00,"MSTR",330.63,323.31,337.0599,323.14,-0.1424592859795236,1.1010527683909541,25.15353502669471,92701383060,107468383060,2959287791.07,3502254445.1447625,112538.26,639835,72005917587.09999,1.4924937652520545,8238000000,0.11440726368128187,6579000000,0.09136749062383508,0.20577475430511694,0.59574712,0.3519750617958108,0.8917637790415912,85167444794.1
2025-09-23 00:00:00,"MSTR",337.06,327.78,339,327.77,-0.10730431940737523,1.1856371274254849,25.515127002103217,93983048279.99998,108750048279.99998,3103679658.4199996,3540836540.960476,111716,639835,71479806860,1.5214093750000934,8238000000,0.11524933211046452,6579000000,0.09203998008676209,0.2072893121972266,0.58604867,0.3631778575635799,0.8918961173884611,84167740038.6
2025-09-22 00:00:00,"MSTR",337.02,335.93,341.59,329,-0.0913443332431701,1.3202790440668601,26.17440543601359,96319865180,111086865180,3377284012.55,3689555817.4200006,112351.1,639835,71886166068.5,1.545316314047766,8238000000,0.11459784894008741,6579000000,0.0915196950930851,0.2061175440331725,0.58151581,0.38292743584360184,0.893254808595509,83886936876
2025-09-19 00:00:00,"MSTR",347.45,344.75,352.92,337.07,-0.06579410888003678,1.3831743398313288,26.887882219705546,98766738000,113515738000,6101970885.5,3663741379.7319045,115516.43,638985,73813266023.55,1.5378771881437001,8238000000,0.11160595437372571,6561000000,0.08888646111265044,0.20049241548637617,0.51903215,0.43181387148098677,0.891552836378994,99645549011.4
2025-09-18 00:00:00,"MSTR",335.86,349.12,358.25,334.625,-0.05395225320434645,1.6314916710635414,27.24138488917651,100018690560,114767690560,6876707062.08,3599589889.7766666,117021.6,638985,74775047076,1.5348394290324179,8238000000,0.11017044217474108,6561000000,0.0877431744487104,0.19791361662345147,0.56999637,0.4356456375415999,0.8952906413930035,98791325503.9
2025-09-17 00:00:00,"MSTR",335.66,329.71,340.11,323.205,-0.12119515965669819,1.51169345623524,25.671250606697942,94457958480,109206958480,3195214664.35,3564696907.0238094,117600.5,638985,75144955492.5,1.4532839598381242,8238000000,0.10962811736340985,6561000000,0.08731125006328382,0.19693936742669366,0.58252694,0.3913997575054499,0.8937023686593835,89678302346
2025-09-16 00:00:00,"MSTR",329.23,335.09,335.44,324.84,-0.12337475474166128,1.4908198914740205,26.106455266138163,95999263920,110748263920,2898950378.31,3568406231.311905,116415.29,638985,74387624080.65,1.4887995858011047,8238000000,0.1107442279789509,6561000000,0.08820015534958689,0.19894438332853778,0.56085032,0.4740503800882196,0.8939293894055175,89035290699.3
2025-09-15 00:00:00,"MSTR",329.4,327.79,331.33,320.45,-0.14386084049416248,1.317028345232205,25.515935932696973,93907901520,108656901520,3123076260.46,3659315876.912381,115324.37,638985,73690542564.45,1.4745026666748764,8238000000,0.11179182176322039,6561000000,0.08903449169561653,0.20082631345883692,0.56588127,0.46395803602719793,0.8955375398306833,85440210059.7
2025-09-12 00:00:00,"MSTR",329.15,331.44,336.1301,327.6,-0.12723825574046765,1.534526267492544,25.81119559941757,94953582720,109632582720,3582834581.7599998,3802941203.744761,116015.98,638460,74071562590.8,1.4800900492089366,8238000000,0.11121677080730566,6491000000,0.08763147114714992,0.19884824195445558,0.52083909,0.46566777857335306,0.8984350284264402,95386301904.4
2025-09-11 00:00:00,"MSTR",326.87,326.02,329.75,322.77,-0.15781044147658296,1.521813118811881,25.372755217602325,93400817760,108079817760,2447398233.92,3834427141.551428,115242,638460,73577407320,1.4689266949831958,8238000000,0.1119637168536207,6491000000,0.08822001530673125,0.20018373216035196,0.53816654,0.476938412244261,0.8983768871792357,91421359978.5
2025-09-10 00:00:00,"MSTR",332.8,326.45,340.01,321.956,-0.16547369497418074,1.518127121258871,25.407539233133793,93524007600,108203007600,3180066645.5499997,3874985080.13238,114434,638460,73061531640,1.4809846600691932,8238000000,0.11275427458312179,6491000000,0.08884292259274623,0.20159719717586802,0.56258836,0.4761443623830729,0.8983863560220221,90076106925
2025-09-09 00:00:00,"MSTR",330.23,328.53,331.96,324.45,-0.16216974395593195,1.6320301233776637,25.575796796634844,94119902639.99998,108798902639.99998,2164295519.0099998,3921666202.118095,111554,638460,71222766840,1.5275860159211976,8238000000,0.11566526218374024,6491000000,0.09113658859367053,0.20680185077741076,0.55612403,0.4763518301837274,0.8989835119724872,89835603820.8
2025-09-08 00:00:00,"MSTR",328.11,329.9,333.0967,321.5,-0.11902155045798074,1.886264216972878,25.686620287979288,94512391200,109191391200,3283994168.6,4029342693.359524,111711.01,638460,71323011444.59999,1.5309419637281327,8238000000,0.11550269447608574,6491000000,0.0910084959752698,0.20651119045135555,0.5764674,0.482855027334473,0.9007576178925798,89202346600
2025-09-05 00:00:00,"MSTR",334.81,335.87,337.2,320,-0.0892648932997099,1.808982186167099,26.169551852451058,96019523210,110683523210,4718168419.61,4122805375.804285,111093.53,636505,70711587312.65,1.5652812702480403,8238000000,0.11650141529952981,6476000000,0.09158329272636016,0.20808470802588996,0.7795752,0.4826962599880462,0.9039928855147185,99181494397.6
2025-09-04 00:00:00,"MSTR",330,327.59,332.56,317.7504,-0.13358899761967746,1.6238686423708448,25.49975732082187,93652411970,108316411970,3449519424.1,4030364014.6599994,111313.82,636505,70851802999.1,1.5287742497022396,8238000000,0.11627085905075193,6476000000,0.09140204943101111,0.20767290848176304,0.66769099,0.5094169834775115,0.9049936485406649,92010585607.6
2025-09-03 00:00:00,"MSTR",341.77,330.26,344.5,327.609,-0.14756214025759495,1.6999672988881622,25.71574178935447,94415719580,109079719580,3031851200.7,4017484511.455238,111188,636505,70771717940,1.5412896953056499,8238000000,0.11640243079847441,6476000000,0.09150547970999275,0.20790791050846716,0.64837995,0.5195774656741445,0.9050659579606112,91639861932
2025-09-02 00:00:00,"MSTR",334.93,341.62,348.6,331.57,-0.08233271550218921,1.5798217791874343,26.634686943860213,97663350460,112327350460,3799842676.2000003,4102250338.5495243,111044.31,636505,70680258536.55,1.589232308791196,8238000000,0.11655305414226783,6476000000,0.0916238866988743,0.2081769408411421,0.61593299,0.5211918196249169,0.9060851559668792,93210624249.3
2025-08-29 00:00:00,"MSTR",334.6,334.41,339.63,332.64,-0.09772549442840561,1.5227066988533495,26.05144798576282,95186796810,109805796810,3398363707.4700003,4302057722.552381,108434.84,632457,68580373601.88,1.6011256725931555,8238000000,0.12012183030414654,6431000000,0.09377318410851741,0.21389501441266395,0.53157753,0.5646111071978748,0.9079787002506204,99713580573.5
2025-08-28 00:00:00,"MSTR",346.16,338.84,348.1699,336.65,-0.06975978037062464,1.5652206828677415,26.40980423879631,96447756440,111066756440,2750069150.3599997,4340539163.647143,111712.23,632457,70653181849.11,1.571999357045221,8238000000,0.11659772121223684,6431000000,0.09102208607864713,0.20761980729088397,0.5826604,0.6437826343104044,0.9078196265148127,96802531190.3
2025-08-27 00:00:00,"MSTR",348.68,342.06,351.77,341.84,-0.0809779688339602,1.4431112063424043,26.670279889985437,97364300460,111983300460,2891876147.7,4351492975.374762,112013.83,632457,70843930880.31,1.5807042193804082,8238000000,0.11628377897209015,6431000000,0.09077700686689874,0.20706078583898888,0.59081854,0.6501533482195093,0.9098570925573366,97899146974.4
2025-08-26 00:00:00,"MSTR",341.805,351.36,351.99,340.68,-0.04911910367784357,1.3918311776718857,27.42258534217764,100011461760,114630461760,3212892760.32,4412618636.649049,111426.39,632457,70472400340.23,1.6266007856491567,8238000000,0.11689682712988621,6431000000,0.09125558330569292,0.20815241043557914,0.57889433,0.6465003715301205,0.9108231119153891,93141842445
2025-08-25 00:00:00,"MSTR",344.91,343.2,351.51,339.2109,-0.07120240318259317,1.2878474768348778,26.76249797767351,97688791200,112307791200,3769511803.2,4394157347.043334,109899.97,632457,69507005326.29,1.6157765778109454,8238000000,0.11852042770837228,6431000000,0.0925230481418478,0.21104347585022007,0.59404909,0.6395417222652306,0.9124337872577303,92536979995.8
2025-08-22 00:00:00,"MSTR",335.2,358.13,359.53,332.61,-0.10346467731437436,1.67640684552724,27.97023135414981,101620820020,116194820020,6226784464.07,4376630552.574762,115509.75,629376,72699064416,1.5982986982488212,8238000000,0.11331645140383591,6386000000,0.08784157060753776,0.20115802201137367,0.51996565,0.6264654230787712,0.9165269386112201,99720057218.2
2025-08-21 00:00:00,"MSTR",340,337.58,343.27,334.85,-0.16168765055005094,1.3870739640786311,26.30787898398317,95789675320,110363675320,2835180821.1,4226471599.960001,112890.92,629376,71050835665.92,1.553305802607705,8238000000,0.11594515283022085,6386000000,0.08987930880963708,0.20582446163985793,0.58339017,0.5785657604795486,0.9167567014968598,91724013100.8
2025-08-20 00:00:00,"MSTR",339.38,344.37,345.5,325.56,-0.17401419936678503,1.5758845089385893,26.857142857142854,97716364980,112290364980,4754789596.440001,4346729705.850953,113953.7,629376,71719723891.2,1.565683174552461,8238000000,0.1148637997058826,6386000000,0.08904105667901994,0.20390485638490255,0.58925195,0.5799832562505703,0.9179757482928712,90437995873.8
2025-08-19 00:00:00,"MSTR",363.19,336.57,364.63,333.4,-0.1858884427458759,1.486664203915774,26.226176994013912,95503083780,110077083780,6143954424.2699995,4334001655.772858,113521.93,629376,71447978215.68,1.5406605831127975,8238000000,0.11530067338129502,6386000000,0.08937971597632313,0.20468038935761815,0.63346597,0.5729062886053813,0.9179146990467899,88911793249.2
2025-08-18 00:00:00,"MSTR",359.945,363.6,367.5658,358.01,-0.09054527263631813,1.7330126277811189,28.41271638893383,103172954400,117746954400,3273110474.4,4244107690.3523808,114889.4,629376,72308631014.4,1.6283941868094713,8238000000,0.11392830820375278,6386000000,0.08831587474983799,0.20224418295359076,0.55291602,0.519054775081171,0.9161272225985148,94144523012.4
2025-08-15 00:00:00,"MSTR",372.21,366.32,372.62,360.0322,-0.07734931869128273,1.7766239672553625,28.632745510435203,103944765280,118470185280,4808052935.92,4473281975.342857,117532.82,628946,73921797007.72,1.6026421174207601,8238000000,0.11144209601857578,6337420000,0.08573141152586095,0.19717350754443672,0.53636115,0.52184177722507,0.9143195509976573,103520941672.4
2025-08-14 00:00:00,"MSTR",380,372.94,381,365,-0.10512297540491902,1.860627444964332,29.16825756350105,105823216760,120348636760,6139208123.94,4435639525.380953,119091.68,628946,74902235769.28,1.6067429166027531,8238000000,0.10998336585539799,6337420000,0.08460922340851133,0.19459258926390932,0.60047911,0.5591348646148316,0.9140835613077737,100555120161.6
2025-08-13 00:00:00,"MSTR",397.73,389.9,399.44,383.55,-0.07521168852731205,1.8800413650465355,30.540203850509624,110635684600,125161104600,4244039275.7,4372884178.117143,123396.86,628946,77609961509.56,1.6126938110204145,8238000000,0.1061461678342057,6337420000,0.08165730115997231,0.18780346899417802,0.57427084,0.5437506506489153,0.9137442026031078,102583924205.2
2025-08-12 00:00:00,"MSTR",400.5,394.39,401.67,390.14,-0.025957026426278073,2.0000760687661643,30.903413687105644,111909740060,126435160060,3299114944.12,4472302698.728095,119466.17,628946,75137769756.81999,1.6827111114583477,8238000000,0.10963860155367822,6337420000,0.08434399930302396,0.19398260085670216,0.56663987,0.559973634359403,0.9139546435694859,101923276739.7
2025-08-11 00:00:00,"MSTR",403.92,400.25,414.36,398.92,-0.0379299569742566,1.9567112358720542,31.37744701504611,113572538500,128097958500,4160370207.25,4700771231.854762,118820,628946,74731363720,1.714112417109789,8238000000,0.11023484103496031,6337420000,0.08480268102352248,0.1950375220584828,0.56829068,0.5612408522043447,0.9155912861082368,101240652786.6
2025-08-08 00:00:00,"MSTR",397.6,395.13,409.65,389.03,-0.04645494473671509,1.9055812927421132,30.96327455104352,112054916700,126569016700,4425501835.08,4884437577.754286,116394.98,628791,73188115869.18,1.7293656927339902,8238000000,0.11255925777246409,6326100000,0.08643616418965587,0.19899542196211994,0.54013599,0.5783869722675469,0.9143829737168592,113836646192.5
2025-08-07 00:00:00,"MSTR",388.4,402.01,406.24,387.14,0.024281492050550278,2.22420499659141,31.519818799546997,114006015900,128520115900,5246710499.94,4938965078.922857,116777.39,628791,73428571835.49,1.750273942246045,8238000000,0.11219066085687306,6326100000,0.08615311236303286,0.1983437732199059,0.58147918,0.589060726769015,0.9178647123131005,110651053119.3
2025-08-06 00:00:00,"MSTR",374.75,383.41,384.42,373.001,-0.005679460580912857,1.800227868624974,30.015207895162597,108731241900,123245341900,2776899835.5800004,4947573405.197144,114566.78,628791,72038560162.98,1.7108246142228525,8238000000,0.11435542272586173,6326100000,0.08781546973853774,0.20217089246439945,0.5591476,0.563491707188794,0.9221330742611569,102191098079.6
2025-08-05 00:00:00,"MSTR",384.175,375.46,388.305,373.35,-0.028639432903008806,1.8682964094728798,29.372108073127322,106476701400,120990801400,3179049856.7999997,4948083223.439049,113504.04,628791,71370318815.64,1.695253761056287,8238000000,0.11542613423487658,6326100000,0.08863768727643272,0.20406382151130928,0.59576285,0.5842463280887443,0.922891776544777,99032709268.8
2025-08-04 00:00:00,"MSTR",372.77,389.24,390.02,366.2001,-0.013008088850571786,1.6881401114648582,30.48681443132179,110370169720,124884269720,4811933569.68,4963412154.174763,114241.62,628791,71834102481.42,1.7385095018386498,8238000000,0.1146809066366601,6326100000,0.0880654143571468,0.2027463209938069,0.58399071,0.571071970092166,0.9238560905320128,99424700354.6
2025-08-01 00:00:00,"MSTR",390.405,366.63,392.64,365.7,-0.03922955974842774,1.4251063294990771,28.65782235884161,103959036390,118473136390,7995797740.26,4926916092.236668,113871.57,628791,71601418371.87001,1.6546199654132052,8238000000,0.11505358674900854,6326100000,0.08835160173985226,0.2034051884888608,0.66471902,0.52754386777275,0.9275218420267732,97736547495
2025-07-31 00:00:00,"MSTR",399.125,401.86,410.81,397.08,0.057220278340480386,1.4891603280394443,31.50768484064067,113948608580,128462708580,4206473970.46,4880523706.563334,115638.66,628791,72712548660.06,1.7667199258903545,8238000000,0.11329543733246995,6326100000,0.08700148896685339,0.20029692629932336,0.61878034,0.4160928896430877,0.9251774654606842,100924954240
2025-07-30 00:00:00,"MSTR",396.78,395.04,404.39,392.59,0.03927810370682173,1.462735416783557,30.955994175699725,112014777120,126504579120,2980099196.6400003,4987559498.370001,118476.4,628791,74496894032.4,1.6981188378804217,8224000000,0.11039386415792368,6326100000,0.08491763424725693,0.1953114984051806,0.58314113,0.4911860458249273,0.9250822643804637,95574031576.8
2025-07-29 00:00:00,"MSTR",405.96,394.66,407,390.4108,0.03463101323895671,1.3424043683413953,30.925254813137034,111907026980,126396828980,4175515034.46,5110379758.589525,118166,628791,74301717306,1.7011293084849497,8224000000,0.11068384820946658,6326100000,0.0851406970036365,0.19582454521310308,0.57999732,0.571871070674346,0.9265930712882829,93557284947.6
2025-07-28 00:00:00,"MSTR",416.945,403.8,417.01,403.46,0.09356804333107653,1.3038608782970373,31.664617375829152,114498701400,126187403400,2825205678.6,5253279633.809525,118950,607770,72294241500,1.7454696360566975,8224000000,0.11375733155731359,3525000000,0.04875907025042928,0.16251640180774288,0.56308293,0.5951097121413256,0.9280792300702819,92459464738.2
2025-07-25 00:00:00,"MSTR",405.67,405.89,410.95,402.2,0.10083805700957395,1.5265955791269057,31.833683869923956,115091327170,126780029170,3401449119.3599997,5306488298.272381,117522.69,607770,71426765301.3,1.7749652897650194,8224000000,0.11513891137738977,3525000000,0.049351247884885575,0.16449015926227534,0.49894903,0.5953873901890769,0.9309846486908574,102185674815
2025-07-24 00:00:00,"MSTR",414.58,414.92,419.95,406.17,0.18433521721756022,1.4805552732425016,32.56414819608477,117651810760,129340512760,3073446459.1600003,5340821790.328572,115400,607770,70136658000,1.844121411658936,8224000000,0.11725679886258623,3525000000,0.05025902431792516,0.1675158231805114,0.52347669,0.5892965386999557,0.9316814848935755,100812916277.5
2025-07-23 00:00:00,"MSTR",422.83,412.67,424,406.1001,0.1936192982963584,1.3967777345406183,32.382138812489885,117013816510,128702518510,5360601044.81,5377140370.881905,118557.79,607770,72055868028.3,1.786149026189678,8224000000,0.11413366079734154,3525000000,0.04892037382181772,0.16305403461915927,0.55805721,0.5971438699017455,0.9322525553459416,95723081749.6
2025-07-22 00:00:00,"MSTR",428.845,426.4,433.94,413.6,0.24303996734979452,1.3687704503663707,33.49280051771557,120906999200,132595701200,4487500544.8,5307469279.04619,118675,607770,72127104750,1.8383616209133917,8224000000,0.11402093607535245,3525000000,0.04887205735233675,0.1628929934276892,0.54484013,0.5850091383155138,0.9327893505239196,97391406324.8
2025-07-21 00:00:00,"MSTR",430.1,426.28,437,425.02,0.3415156092648539,1.396851279167838,33.483093350590515,120872972839.99998,132561674839.99998,4256181150.4399996,5319503372.265238,117262.61,607770,71268696479.7,1.8600266510803733,8224000000,0.11539428116722332,3525000000,0.04946070538843168,0.164854986555655,0.55913137,0.5867143513576866,0.9346626047818862,94787187440.4
2025-07-18 00:00:00,"MSTR",451.72,423.22,454.33,422.22,0.33423707440100897,1.7213920111113974,33.23556058890147,119306987660.00002,130991689660.00002,8085770459.200001,5278507221.821428,118431.22,601550,71242300391,1.838678551100634,8224000000,0.115437036070763,3521000000,0.04942288472825347,0.16485992079901646,0.56066533,0.587016027498674,0.9420022573618673,110514538637.1
2025-07-17 00:00:00,"MSTR",451.675,451.34,456,446.58,0.42288776796973515,1.8386163522012577,35.510273418540685,127234100020,138918802020,4017561486.72,5093896566.628095,120320.1,601550,72378556155,1.9193364637241843,8224000000,0.11362481426664763,3521000000,0.04864700523259561,0.16227181949924324,0.53928657,0.5320936162243945,0.9398552780902348,115004351373.6
2025-07-16 00:00:00,"MSTR",448.31,455.9,457.22,445.56,0.46281203876018717,1.7392897915039354,35.87914576929299,128519577700,140204279700,4821345831.4,5050118125.784285,118177.96,601550,71089951838,1.9722095187164839,8224000000,0.11568442216335828,3521000000,0.0495287999072452,0.1652132220706035,0.5757808,0.5370928788880492,0.941080410727495,111677525882
2025-07-15 00:00:00,"MSTR",445.22,442.31,456.66,441.0186,0.42350025746652925,1.7450846531949757,34.77980909237987,124688515930,136373217930,6331828208.53,4991525951.115714,117499.4,601550,70681764070,1.929397486386194,8224000000,0.11635250065144562,3521000000,0.04981482913348006,0.16616732978492568,0.57892643,0.5321031505570715,0.9411424141544088,107263847625.2
2025-07-14 00:00:00,"MSTR",447.2,451.02,456.45,440.65,0.44812971584524,2.229044359804118,35.48438763954052,127143891060,138828593060,8096954139.78,4860430678.301905,117148.04,601550,70470403462,1.970026936696354,8224000000,0.11670147460464954,3521000000,0.049964237850555815,0.16666571245520537,0.57971189,0.5226580193687616,0.9427381846923167,104157518616
2025-07-11 00:00:00,"MSTR",430.54,434.58,438.84,423.5,0.4486965797719847,2.198828171004593,34.15450574340721,122110895880,133677597880,8017363471.139999,4600435345.965714,117838.46,597325,70387858119.5,1.8991570627571979,8224000000,0.11683833291301206,3403000000,0.04834640648139349,0.16518473939440556,0.53836063,0.5200942928746127,0.9508209258304271,109119431437.2
2025-07-10 00:00:00,"MSTR",412.565,421.74,422.3999,411.2,0.5485789821546598,2.229942100909843,33.11583886102572,118503035640,130069737640,5570579359.62,4350442737.781904,116930.12,597325,69845283929,1.8622551205063482,8224000000,0.11774595988986118,3403000000,0.048721972459289595,0.16646793234915078,0.54179689,0.514917312872208,0.9511316167491124,101887526194.5
2025-07-09 00:00:00,"MSTR",401.6,415.41,416.34,395.95,0.3993464932965034,2.1911167103251734,32.60378579517877,116724394260,128291096260,5427485351.700001,4289165197.5638094,111114.62,597325,66371540391.5,1.93292329066435,8224000000,0.12390852994355428,3403000000,0.051271975607723154,0.17518050555127743,0.52875706,0.5135440395988455,0.9510748588145406,94871226807
2025-07-08 00:00:00,"MSTR",399.692,396.94,402.1999,393.21,0.6681655810044128,2.075671403554991,31.109690988513183,111534582840,123101284840,2787606018.66,4198052477.2519045,108381.2,597325,64738800290,1.9015070450574147,8224000000,0.12703641580173694,3403000000,0.05256626008916717,0.17959863247258825,0.54710481,0.5141806828494178,0.9501926476357352,91180042201.6
2025-07-07 00:00:00,"MSTR",402.635,395.67,405.64,395.2,0.4756097560975611,2.0870236869207006,31.00695680310629,111177730620,122744432620,3500957402.25,4275302521.564762,107929.7,597325,64469108052.5,1.9039263350757678,8224000000,0.12759360525004526,3403000000,0.052796818903928025,0.18034994358122075,0.58600204,0.5160557946091991,0.952105540484083,88777269103
2025-07-03 00:00:00,"MSTR",400.87,403.99,414.6,400.4,0.43116763497236804,2.1026273145481493,31.6799870571105,113504222420,125070924420,4045341341.31,4261130064.0861897,109284.22,597325,65278196711.5,1.9159678226522818,8224000000,0.12598387232334782,3403000000,0.052130729269984515,0.17811460159333234,0.463651,0.518832777524242,0.9500723012866548,101240842128
2025-07-02 00:00:00,"MSTR",383.34,402.28,405.2986,379.88,0.2871312472003582,2.047137154500488,31.54165992557838,113023784239.99998,124590486239.99998,7021557641.12,4277915519.233809,108688.4,597325,64922298530,1.919070782474343,8224000000,0.12667450454176024,3403000000,0.05241650522320162,0.17909100976496187,0.57501009,0.5280158652444908,0.9502505780071618,95870109484.5
2025-07-01 00:00:00,"MSTR",395.7,373.3,397.8746,372.91,0.2198549114436966,1.732856504901279,29.197379064876234,104881621400,116448323400,6454225598.400001,4087194628.3442855,106229.67,597325,63453637632.75,1.8351717528625675,8224000000,0.12960643876081565,3403000000,0.053629707089379336,0.183236145850195,0.56467099,0.4761567826897441,0.9483822779895688,86313378932.2
2025-06-30 00:00:00,"MSTR",389.78,404.23,407.3901,384.25,0.3967381914930375,1.9345616633272356,31.69940139136062,113571652340,125138354340,5559324661.25,4000654334.875715,107221.44,597325,64046046648,1.9538810104512168,8224000000,0.12840761343474452,3403000000,0.05313364646381757,0.1815412598985621,0.55603179,0.3717384976915608,0.9465313203708351,87110719622.4
2025-06-27 00:00:00,"MSTR",385.225,383.88,397.99,383.41,0.1826612033642442,1.5165858135571,30.05322763306908,107326322040,118837024040,7176412414.08,3916255056.828096,107347.24,592345,63586600877.8,1.8689004035359529,8224000000,0.12933542423198227,3347000000,0.052636875596357574,0.18197229982833985,0.52105174,0.3282026381526645,0.9495052656555161,89521057380.3
2025-06-26 00:00:00,"MSTR",386.35,386.44,392.67,384.15,0.17348395129209557,1.6509710303005358,30.260313865070376,108042054520,119552756520,3942587632.32,3746877901.336191,107538.51,592345,63699898705.95,1.8768123489783974,8224000000,0.12910538583371128,3347000000,0.052543254667489256,0.18164864050120053,0.518686,0.3311027092568831,0.9503681760902789,86668936145.4
2025-06-25 00:00:00,"MSTR",384.83,388.67,389.49,379.31,0.1370937070302215,1.5985131105673445,30.440705387477752,108665524610,120176226610,4122452452.54,3809324485.2733335,107928.17,592345,63930711858.65,1.8797886511213597,8224000000,0.12863926837203316,3347000000,0.05235355438244102,0.18099282275447418,0.52807068,0.34124556051328386,0.9507853964871231,84105955521.8
2025-06-24 00:00:00,"MSTR",373.68,377.02,384.3559,371,0.12301918265221003,1.7476587836606783,29.49830124575311,105408382660,116919084660,3836136650.7799997,3990423601.5414286,106298,592345,62965088810,1.8568874731965934,8224000000,0.13060783396285522,3347000000,0.053154720364017076,0.1837685012232098,0.54261607,0.32532716390601957,0.9540119521759075,79877771381.4
2025-06-23 00:00:00,"MSTR",362.48,367.18,370.3,358.8,0.20782894736842109,1.4746589744972232,28.70231354149814,102657285940,114167987940,3897508116.26,4121828173.3671427,104947.4,592345,62165067653,1.836529617843831,8224000000,0.1322315607998888,3347000000,0.05381554401717264,0.18613347394051455,0.56878922,0.4155502268139199,0.9556655688981378,74710492112.2
2025-06-20 00:00:00,"MSTR",372.75,369.7,376.1,365.11,0.2238885026649452,1.5228606523816024,28.90616405112441,103352962300,114838824300,4740216502.4,4294790025.8690467,103620,592100,61353402000,1.8717596833505663,8224000000,0.13404309674628964,3322160000,0.0541479346165678,0.18819103136285745,0.51589958,0.4156742927258815,0.9572870797430837,94121056611
2025-06-18 00:00:00,"MSTR",371.43,369.03,374.9099,367.42,0.3031180479536706,1.5113819644351887,28.85196570134282,103165657770,114651519770,3395261991.12,4298018636.783334,105122.1,592100,62242795410,1.8420046692115624,8224000000,0.132127741786461,3322160000,0.05337420946659889,0.1855019512530599,0.56686094,0.4286124216952829,0.9573071289034353,90584175899.6
2025-06-17 00:00:00,"MSTR",375.255,375.18,378.48,367.0001,0.27495157508410656,1.4891525018908482,29.349458016502183,104884945620,116370807620,4208946700.14,4388761265.002381,105207.65,592100,62293449565,1.8681066537914723,8224000000,0.1320203016116274,3322160000,0.05333080802554525,0.18535110963717266,0.6010325,0.4297139133532236,0.9575386898228904,87940990541.6
2025-06-16 00:00:00,"MSTR",387.61,382.25,388.15,377.4,0.28491714007193514,1.5559329740428207,29.921371946287007,106861427750,118347289750,3098214229,4425571125.805238,107630.24,592100,63727865104,1.8570728763134372,8224000000,0.1290487291011386,3322160000,0.052130414137966756,0.18117914323910536,0.57531945,0.4470195705512072,0.9592024500564679,88019911572
2025-06-13 00:00:00,"MSTR",375.225,382.87,383.56,370.62,0.45434171541441926,1.5801951640294363,29.97152564309982,107021736750,118433738750,3590910163.36,4555479145.470952,105296.44,582000,61282528080,1.93258572158435,8224000000,0.13419811906689214,3248300000,0.053005319815781334,0.18720343888267346,0.56739701,0.4482125256581158,0.9572764329155191,98062789057.2
2025-06-12 00:00:00,"MSTR",378.4,379.76,391.22,373.9825,0.4464292515711292,1.3680682434665488,29.719948228441996,106152414000,117564416000,3578827479.44,4597277005.358571,104372.23,582000,60744637860,1.9353875525763156,8224000000,0.13538643557237268,3248300000,0.05347467882657322,0.1888611143989459,0.55948162,0.4757345741010787,0.9607492699434738,94596084007.6
2025-06-11 00:00:00,"MSTR",391.23,387.11,392.77,380.5,0.48551364211980524,1.4886691653433965,30.314512214851966,108206922750,119618924750,2637052160.7200003,4686347043.868095,107881.37,582000,62786957340,1.9051556217678631,8224000000,0.1309826172251971,3248300000,0.05173526696651359,0.1827178841917107,0.58035653,0.4734219261581705,0.9608601796576238,93294740169.4
2025-06-10 00:00:00,"MSTR",393.24,391.18,394,383.6,0.6348894554269235,1.4449972498624932,30.64374696651027,109344589500,120756591500,2767518699.28,4874001226.367143,109742.64,582000,63870216480,1.8906557415194156,8224000000,0.12876111047118843,3248300000,0.050857820421152895,0.17961893089234132,0.58263607,0.4984113406464315,0.9612875272376928,91703491923.6
2025-06-09 00:00:00,"MSTR",380.68,392.12,394.79,377.6,0.3654154189010377,1.4565843879213132,30.719786442323247,109607343000,121019345000,4283751015.04,5082206521.375237,109614.65,582000,63795726300,1.8969820083386997,8224000000,0.12891145656570416,3248300000,0.05091720383783765,0.17982866040354178,0.6017016,0.5065128008797558,0.9632047424946427,88416200246.2
2025-06-06 00:00:00,"MSTR",377.4,374.47,380.6,369.71,0.23136365131038114,1.2604323234518269,29.292023944345576,104605198740,114734798740,3514118225.15,5315006035.499047,104972.65,580955,60984385880.75,1.8813799152516606,8224000000,0.13485419064613297,1965900000,0.03223612030535418,0.16709031095148716,0.5556514,0.47344816361260333,0.9611801621472883,92324267823
2025-06-05 00:00:00,"MSTR",383.85,368.79,385.3799,364.3029,0.19523578026251825,1.1761502103629575,28.8325513670927,103018536180,113148136180,4409856949.2300005,5345917186.750952,102556.01,580955,59580426789.549995,1.8990823375546115,8224000000,0.13803190818100072,1965900000,0.03299573544419131,0.17102764362519202,0.61469953,0.5141875219631956,0.9614562406077131,87339035052
2025-06-04 00:00:00,"MSTR",385.8,378.1,386.12,375.66,0.3741595493367256,1.3072182185419552,29.58566574987866,105619210200,115748810200,3203335795.2000003,5313953957.930476,105087.89,580955,61051335134.95,1.8959259440296399,8224000000,0.13470630874527778,1965900000,0.03220076998569329,0.16690707873097108,0.60924736,0.5124525331256193,0.9615229765308527,87585538540.5
2025-06-03 00:00:00,"MSTR",379.4,387.43,391.0099,371.37,0.5440379403794039,1.3806539224903371,30.340397993852125,108225471060,118355071060,4398010827.08,5426907423.98619,105591.68,580955,61344014454.399994,1.929366248894244,8224000000,0.13406360951667584,1965900000,0.03204713642373943,0.16611074594041528,0.62762832,0.5050303841366037,0.9611232862402811,86574744036
2025-06-02 00:00:00,"MSTR",367.885,372.27,378.43,367.019,0.45742473476099116,1.4419314000091832,29.11405921371946,103990646340,114120246340,3016418932.44,5516973769.547142,105556.21,580955,61323407980.55,1.8609573423609402,8224000000,0.13410865884375528,1965900000,0.03205790520682618,0.16616656405058144,0.62606182,0.48689808624164643,0.962355248585405,80960323043.6
2025-05-30 00:00:00,"MSTR",369,369.06,372.56,359.155,0.44485769095251143,1.3949383517196627,28.854392493124088,103087315440,113144065440,4636879435.56,5681233875.278571,103719.33,580250,60183141232.5,1.8799960108911717,8224000000,0.13664956384095966,1893050000,0.03145482208525397,0.16810438592621363,0.59181904,0.5019072333158203,0.962530148001508,92817156162.5
2025-05-29 00:00:00,"MSTR",370.785,370.63,373.86,362.74,0.45100418901460276,1.289676901217026,28.98139459634363,103525854120,113582604120,3786939822.25,5709544701.983333,106051.67,580250,61536481517.5,1.8457767054442153,8224000000,0.1336443000508767,1893050000,0.030763052311686793,0.1644073523625635,0.67220044,0.5021874627040762,0.9639526329552822,88300097732.7
2025-05-28 00:00:00,"MSTR",368.53,364.25,370.6523,358.5,0.4260267000743843,1.1741725609574118,28.465296877527905,101743767000,111800517000,3619492148.75,5766055249.592857,108092.72,580250,62720800780,1.7825109949114397,8224000000,0.13112077489008106,1893050000,0.030182172045922658,0.16130294693600372,0.70347883,0.4973619338821924,0.9645897601374237,86207487700
2025-05-27 00:00:00,"MSTR",381.115,372.2,381.3,364.18,0.5505103103520099,1.2091118444481372,29.108396699563176,103964392800,114021142800,5253965895,5795747104.521428,108770,580250,63113792500,1.8065962808367124,8224000000,0.1303043229417722,1893050000,0.02999423620439225,0.16029855914616445,0.730185,0.5065274664531914,0.9662105668681332,83835558028.4
2025-05-23 00:00:00,"MSTR",391.51,369.51,392.19,367.31,0.23297407320898258,1.3930909868075927,28.890794369843064,102871584000,112849994000,7925533894.17,5885097321.788095,108390.96,576230,62458122880.8,1.8068105283178588,8224000000,0.1316722248552895,1814710000,0.02905482771974008,0.1607270525750296,0.691361,0.5059046669438363,0.9679897806441833,96083271212.3
2025-05-22 00:00:00,"MSTR",413.2,399.46,426.32,398.91,0.3329106743635089,1.4253794778384943,31.313541498139458,111209664000,121188074000,6595632659.12,5687555184.900952,111100.87,576230,64019654320.1,1.8929823237416492,8224000000,0.12846054992549286,1814710000,0.028346138686197852,0.1568066886116907,0.707658,0.4456533116425655,0.9669417769004245,98630937081.6
2025-05-21 00:00:00,"MSTR",415.92,402.69,423.34,395.5285,0.3436884780940305,1.4325548803324835,31.57482607992234,112108896000,122087306000,7529707018.8,5648261404.215239,111805.99,576230,64425965617.700005,1.8950015700883567,8224000000,0.1276503956308664,1814710000,0.028167369826761858,0.15581776545762824,0.726094,0.4427937251049888,0.9669104671347156,94349301561.2
2025-05-20 00:00:00,"MSTR",413.5,416.92,417.85,406.1025,0.287107927883428,1.413793103448276,32.72593431483578,116070528000,126048938000,4808017331.6,5682333647.584762,106892.96,576230,61594930340.8,2.046417412968583,8224000000,0.13351748195017418,1814710000,0.02946200263494657,0.16297948458512074,0.690571,0.41361138140713993,0.9672519064075327,93197486193.5
2025-05-19 00:00:00,"MSTR",392.81,413.42,414.59,392.62,0.2973295258417799,1.6091511517828971,32.44280860702152,115096128000,125074538000,5300857183.72,5696288124.015238,105780.46,576230,60953874465.8,2.051953860130365,8224000000,0.13492169401986615,1814710000,0.02977185643905536,0.1646935504589215,0.716628,0.47655288253558803,0.9691873837044219,90881538774.9
2025-05-16 00:00:00,"MSTR",399,399.8,406.8965,389.01,0.18378586444793174,1.7764274503812556,31.34104513832713,110609467600,120525727600,4981953777,5647948226.409523,103529.59,568840,58891771975.6,2.0465631030755222,8224000000,0.1396459933894902,1752560000,0.029758995886999623,0.1694049892764898,0.644681,0.4718780850233703,0.9747192156905149,106794219330.5
2025-05-15 00:00:00,"MSTR",411.7,397.03,415.36,394.14,0.17558404642761954,1.6407577138220246,31.116971363856976,109843113860,119759373860,5826282641.98,5601377698.379047,104046.94,568840,59186061349.6,2.0234388153083174,8224000000,0.138951635105815,1752560000,0.02961102597532188,0.16856266108113688,0.751794,0.4720123363688968,0.9758671674155626,99114142690.8
2025-05-14 00:00:00,"MSTR",420.395,416.75,425.94,410.41,0.2339738844639208,2.211624268859382,32.712182494741946,115298888500,125215148500,4468665221,5489916136.593333,102769,568840,58459117960,2.1419267493169682,8224000000,0.14067950880865462,1752560000,0.02997924123999219,0.1706587500486468,0.750865,0.416482039265563,0.9849794728400646,100234986940
2025-05-13 00:00:00,"MSTR",412.5499,421.61,422.55,404.12,0.2975809430013542,2.3838164949115543,33.10532276330691,116643465820,126559725820,5449298288.14,5509010175.371904,103585.29,568840,58923456363.6,2.147866632925192,8224000000,0.13957090278703307,1752560000,0.029742993845870945,0.169313896632904,0.763173,0.4099874590897927,0.9855024348953287,97774073785
2025-05-12 00:00:00,"MSTR",420.92,404.9,422.04,400.83,0.23890826754788563,2.429960693955001,31.753599741142207,112020443800,121936703800,6577789993.2,5554272476.783333,101724.52,568840,57864975956.8,2.1072626711369193,8224000000,0.14212396815199155,1752560000,0.030287060022428782,0.17241102817442033,0.790596,0.4077242318468363,0.9868337436375432,88441550499.2
2025-05-09 00:00:00,"MSTR",420,416.03,430.3499,406.22,0.27008792282329946,2.292314266721534,32.65393949199158,113743850090,123654910090,7139829894.45,5490531450.606191,103200,555450,57322440000,2.1571815521111803,8224000000,0.14346911959783987,1725160000,0.030095718186455428,0.1735648377842953,0.70932,0.47012428212182295,0.9882928764620506,99661071697.6
2025-05-08 00:00:00,"MSTR",408.165,414.38,423.105,404.5,0.26505067773842955,2.360419099519917,32.520465944022,113292735140,123203795140,9172540811.64,5692610900.945714,102433.37,555450,56896615366.5,2.165397613660879,8224000000,0.14454286862276497,1725160000,0.0303209600234982,0.17486382864626318,0.735925,0.6038762692619752,0.988490033797344,95445617898.4
2025-05-07 00:00:00,"MSTR",393.8,392.48,396.35,388.26,0.1981926975210649,2.121237424947314,30.74890794369843,107305209440,117216269440,4163252401.44,5515899284.6104765,99160.03,555450,55078438663.5,2.128169793558041,8224000000,0.1493143269772818,1725160000,0.031321875526280095,0.1806362025035619,0.743037,0.9392652782023264,0.9875310755445204,87301751005.7
2025-05-06 00:00:00,"MSTR",378.56,385.6,387.86,377.77,0.18478461254839318,2.0390681031832982,30.192363695194953,105424196800,115335256800,3738629144,5680906395.844762,96498.78,555450,53600247351,2.1517672492205064,8224000000,0.15343212776883888,1725160000,0.032185672366450646,0.18561780013528953,0.755693,1.0704471358173737,0.9875352818946996,85196719389.5
2025-05-05 00:00:00,"MSTR",383.33,386.53,391.93,374.2,0.14799524799524796,2.160481108085788,30.26759424041417,105678461590,115589521590,5575358582.37,5850274795.925238,94449.92,555450,52462208064,2.203291204384485,8224000000,0.1567604625022136,1725160000,0.03288386180572943,0.18964432430794304,0.767602,1.1368295431640711,0.9895000521247926,80152348481.4
2025-05-02 00:00:00,"MSTR",393.875,394.37,401.7,387.51,0.1779623047283371,2.4917922473481964,30.901795825918136,107821941110,117675441110,6289404083.86,5829733400.900001,96379.08,553555,53351121629.4,2.2056788595266017,8224000000,0.15414858673689122,1667600000,0.03125707481060795,0.18540566154749918,0.668748,1.132941786417586,0.9905888973621634,97203687157.4
2025-05-01 00:00:00,"MSTR",392.29,381.6,403.9,381.03,0.1398189910092894,2.711087554825095,29.86879145769293,104330584800,114184084800,6464812672.8,5772736638.120953,97147.72,553555,53776606144.6,2.1233040347129797,8224000000,0.15292895163161604,1667600000,0.031009766505457555,0.1839387181370736,0.78682,1.206004090220146,0.9942070271314792,89334681299.4
2025-04-30 00:00:00,"MSTR",373.775,380.11,384,362.3901,0.11767473315886984,2.5690074457996492,29.748260799223427,103923214330,113776714330,5231406796.360001,5709363734.666667,94807.6,553555,52481221018,2.1679509760448767,8224000000,0.1567036711508548,1667600000,0.03177517534182459,0.18847884649267937,0.784629,1.206397890901983,0.9950321891822999,82329741054
2025-04-29 00:00:00,"MSTR",369.02,381.45,383.95,366.8,0.11780219780219776,1.9501844590361725,29.8566574987866,104289574350,114143074350,4973661322.05,5664320839.356191,95062.08,553555,52622089694.4,2.1691094939953897,8224000000,0.1562841773817886,1667600000,0.03169011359458544,0.18797429097637405,0.788291,1.2172663102566712,1.014867827983899,80243068012.8
2025-04-28 00:00:00,"MSTR",373.29,369.25,373.66,354.53,0.09918733069389454,1.8794117188352906,28.869762174405434,100954057750,110807557750,4243021102.25,5717701756.884762,94684.01,553555,52412807155.549995,2.11413133093877,8224000000,0.15690821473448135,1667600000,0.03181665112976911,0.18872486586425047,0.811693,1.2167948732045526,1.0165134976361343,73745811388.6
2025-04-25 00:00:00,"MSTR",354,368.71,373.23,353.12,0.04252551813837748,1.9724849041849064,28.82607992234266,99153124490,108963136490,7130172973.599999,5729547710.654762,94780.15,538200,51010676730,2.13608490369071,8224000000,0.16122115069223078,1624112000,0.031838667983105584,0.19305981867533636,,1.2975743764905703,1.0148931255567442,
2025-04-24 00:00:00,"MSTR",344.97,350.34,351.03,343.2401,-0.009415556875053131,1.768020100026073,27.34007442161462,94213082460,104023094460,3777149019.54,5653412388.253809,93348.18,538200,50239990476,2.070523769499769,8224000000,0.16369429854746217,1624112000,0.03232707619194016,0.19602137473940232,,1.288430192262309,1.0140927275668141,
2025-04-23 00:00:00,"MSTR",354.7,345.73,355.83,339,-0.07340801886792449,1.5826958704356662,26.967157417893546,92973365870,102783377870,5770445632.490001,5718572596.868094,92697.64,538200,49889869848,2.0602053720154254,8224000000,0.16484308387767194,1624112000,0.032553943414729274,0.19739702729240122,,1.295603808769693,1.0158435079240489,
2025-04-22 00:00:00,"MSTR",328.705,343.03,348.9599,327.01,-0.09085367469719867,1.5908414589013673,26.748746157579674,92247284570,102057296570,8245224129.559999,5813076539.294762,93190.48,538200,50155116336,2.0348332139496206,8224000000,0.16397130743164148,1624112000,0.032381781135143256,0.19635308856678474,,1.2968573699572723,1.0158611169482994,
2025-04-21 00:00:00,"MSTR",324.99,317.76,330.994,309,-0.1833461835003856,1.7063903722819838,24.70457854716065,85451701440,95261713440,5101061336.639999,5735651375.791905,88169.95,538200,47453067090,2.007493282980542,8224000000,0.17330808110679702,1624112000,0.034225648616551835,0.20753372972334885,,1.3167509682613299,1.015254092199396,
2025-04-17 00:00:00,"MSTR",313.89,317.2,320,306,-0.20000000000000004,1.6699212996086021,24.659278433910366,84736173600,94537064600,4285719334,5709343116.053333,84844.67,531644,45107159737.479996,2.095832793512117,8224000000,0.18232138861907982,1614991000,0.035803429198360444,0.21812481781744025,,1.3168315755311115,1.0185194477279444,
2025-04-16 00:00:00,"MSTR",306.06,311.66,318.6,304,-0.15079019073569475,1.4852674975877769,24.21113088497007,83256229080,93057120080,4003972688.36,5786004513.16,84000.61,531644,44658420302.840004,2.0837530626689484,8224000000,0.18415340140181813,1614991000,0.03616319137686329,0.22031659277868143,,1.315978394656451,1.0200775824932553,
2025-04-15 00:00:00,"MSTR",312.22,310.72,319.75,306.81,-0.1383728023958737,1.325957421325269,24.135091409157095,83005119360,92806010360,3485589844.4800005,5802987540.285714,83682.7,531644,44489405358.799995,2.08602496732726,8224000000,0.18485299890332865,1614991000,0.036300575091425785,0.22115357399475444,,1.3395805538259191,1.0222747245013197,
2025-04-14 00:00:00,"MSTR",309.8,311.45,314.6,300.1,-0.08977993395096012,1.104989253707133,24.19414334250121,83200130100,93001021100,4869640035.349999,5819156291.913811,85369.75,531644,45386315369,2.0490982875318857,8224000000,0.18119999240161275,1614991000,0.035583214607085724,0.21678320700869846,,1.3481514720138275,1.0243092585947318,
2025-04-11 00:00:00,"MSTR",281.3,299.98,304.15,276.3001,-0.08517581043579033,0.9330974797172334,23.266299951464163,79848076440,89648967440,6399776619.780001,5923206321.281428,82950.7,528185,43813315479.5,2.046158033439543,8224000000,0.18770549340982795,1614991000,0.03686073474068962,0.22456622815051758,,1.34257142711077,1.0283722704719929,
2025-04-10 00:00:00,"MSTR",282.5,272.34,288.3119,261.37,-0.1694672318624014,0.7390804597701148,21.030415790325186,72490916520,82291807520,5239228443.48,5791511785.820477,80801.48,528185,42678129713.799995,1.9281961995956656,8224000000,0.1926982286981701,1614991000,0.037841184954217705,0.2305394136523878,,1.3696830295919262,1.0240748366813275,
2025-04-09 00:00:00,"MSTR",242.015,296.86,302.34,241.69,-0.10503466988242381,1.0600685625459745,23.013913606212586,79017601080,88818492080,11383498351.58,5721165720.180952,81744.34,528185,43176134222.9,2.057120065948191,8224000000,0.19047559833733582,1614991000,0.037404715106324454,0.22788031344366028,,1.329780026469952,1.0233977129114527,
2025-04-08 00:00:00,"MSTR",278.15,237.95,282.8394,235.93,-0.2826349110642147,0.5727136332692218,18.248503478401553,63337055100,73137946100,5461596868.599999,5453038155.747143,75012.31,528185,39620376957.35,1.8459679517620575,8224000000,0.20756995848002302,1614991000,0.04076162631512778,0.2483315847951508,,1.060483678709957,1.0008449297204238,